date,year,month,decimal_year,toa_net_flux_w_m2,ASR
2000-03-01,2000,3,2000.208333,0.960000,
2000-04-01,2000,4,2000.291667,1.140000,
2000-05-01,2000,5,2000.375000,1.090000,
2000-06-01,2000,6,2000.458333,1.130000,
2000-07-01,2000,7,2000.541667,0.680000,
2000-08-01,2000,8,2000.625000,1.400000,
2000-09-01,2000,9,2000.708333,1.390000,
2000-10-01,2000,10,2000.791667,2.370000,
2000-11-01,2000,11,2000.875000,1.140000,
2000-12-01,2000,12,2000.958333,0.760000,
2001-01-01,2001,1,2001.041667,-0.680000,
2001-02-01,2001,2,2001.125000,1.410000,1.065833
2001-03-01,2001,3,2001.208333,0.800000,1.045385
2001-04-01,2001,4,2001.291667,1.840000,1.102143
2001-05-01,2001,5,2001.375000,1.070000,1.100000
2001-06-01,2001,6,2001.458333,0.990000,1.093125
2001-07-01,2001,7,2001.541667,0.360000,1.050000
2001-08-01,2001,8,2001.625000,1.150000,1.055556
2001-09-01,2001,9,2001.708333,0.640000,1.033684
2001-10-01,2001,10,2001.791667,2.060000,1.085000
2001-11-01,2001,11,2001.875000,0.440000,1.054286
2001-12-01,2001,12,2001.958333,1.340000,1.067273
2002-01-01,2002,1,2002.041667,1.220000,1.073913
2002-02-01,2002,2,2002.125000,1.290000,1.082917
2002-03-01,2002,3,2002.208333,0.890000,1.075200
2002-04-01,2002,4,2002.291667,1.250000,1.081923
2002-05-01,2002,5,2002.375000,-0.140000,1.036667
2002-06-01,2002,6,2002.458333,1.150000,1.040714
2002-07-01,2002,7,2002.541667,1.100000,1.042759
2002-08-01,2002,8,2002.625000,1.630000,1.062333
2002-09-01,2002,9,2002.708333,0.640000,1.048710
2002-10-01,2002,10,2002.791667,0.100000,1.019062
2002-11-01,2002,11,2002.875000,0.930000,1.016364
2002-12-01,2002,12,2002.958333,0.810000,1.010294
2003-01-01,2003,1,2003.041667,0.590000,0.998286
2003-02-01,2003,2,2003.125000,0.340000,0.980000
2003-03-01,2003,3,2003.208333,0.010000,0.953784
2003-04-01,2003,4,2003.291667,0.850000,0.951053
2003-05-01,2003,5,2003.375000,1.030000,0.953077
2003-06-01,2003,6,2003.458333,0.280000,0.936250
2003-07-01,2003,7,2003.541667,0.090000,0.915610
2003-08-01,2003,8,2003.625000,0.060000,0.895238
2003-09-01,2003,9,2003.708333,0.340000,0.882326
2003-10-01,2003,10,2003.791667,0.080000,0.864091
2003-11-01,2003,11,2003.875000,0.290000,0.851333
2003-12-01,2003,12,2003.958333,-0.040000,0.831957
2004-01-01,2004,1,2004.041667,0.410000,0.822979
2004-02-01,2004,2,2004.125000,-0.100000,0.803750
2004-03-01,2004,3,2004.208333,1.590000,0.816875
2004-04-01,2004,4,2004.291667,-0.220000,0.788542
2004-05-01,2004,5,2004.375000,1.670000,0.800625
2004-06-01,2004,6,2004.458333,1.200000,0.802083
2004-07-01,2004,7,2004.541667,-0.190000,0.783958
2004-08-01,2004,8,2004.625000,0.410000,0.763333
2004-09-01,2004,9,2004.708333,0.170000,0.737917
2004-10-01,2004,10,2004.791667,0.890000,0.707083
2004-11-01,2004,11,2004.875000,0.280000,0.689167
2004-12-01,2004,12,2004.958333,-0.220000,0.668750
2005-01-01,2005,1,2005.041667,0.270000,0.688542
2005-02-01,2005,2,2005.125000,0.900000,0.677917
2005-03-01,2005,3,2005.208333,0.440000,0.670417
2005-04-01,2005,4,2005.291667,0.650000,0.645625
2005-05-01,2005,5,2005.375000,0.130000,0.626042
2005-06-01,2005,6,2005.458333,0.790000,0.621875
2005-07-01,2005,7,2005.541667,0.840000,0.631875
2005-08-01,2005,8,2005.625000,1.000000,0.628750
2005-09-01,2005,9,2005.708333,0.380000,0.623333
2005-10-01,2005,10,2005.791667,0.550000,0.591875
2005-11-01,2005,11,2005.875000,0.310000,0.589167
2005-12-01,2005,12,2005.958333,-0.800000,0.544583
2006-01-01,2006,1,2006.041667,0.580000,0.531250
2006-02-01,2006,2,2006.125000,0.650000,0.517917
2006-03-01,2006,3,2006.208333,0.570000,0.511250
2006-04-01,2006,4,2006.291667,0.570000,0.497083
2006-05-01,2006,5,2006.375000,-0.030000,0.499375
2006-06-01,2006,6,2006.458333,-0.240000,0.470417
2006-07-01,2006,7,2006.541667,0.210000,0.451875
2006-08-01,2006,8,2006.625000,0.600000,0.430417
2006-09-01,2006,9,2006.708333,0.040000,0.417917
2006-10-01,2006,10,2006.791667,1.220000,0.441250
2006-11-01,2006,11,2006.875000,-0.340000,0.414792
2006-12-01,2006,12,2006.958333,0.270000,0.403542
2007-01-01,2007,1,2007.041667,0.600000,0.403750
2007-02-01,2007,2,2007.125000,0.040000,0.397500
2007-03-01,2007,3,2007.208333,0.510000,0.407917
2007-04-01,2007,4,2007.291667,-0.100000,0.388125
2007-05-01,2007,5,2007.375000,0.450000,0.376042
2007-06-01,2007,6,2007.458333,0.370000,0.377917
2007-07-01,2007,7,2007.541667,0.150000,0.379167
2007-08-01,2007,8,2007.625000,0.780000,0.394167
2007-09-01,2007,9,2007.708333,0.850000,0.404792
2007-10-01,2007,10,2007.791667,0.080000,0.404792
2007-11-01,2007,11,2007.875000,0.730000,0.413958
2007-12-01,2007,12,2007.958333,1.370000,0.443333
2008-01-01,2008,1,2008.041667,1.160000,0.458958
2008-02-01,2008,2,2008.125000,0.870000,0.479167
2008-03-01,2008,3,2008.208333,-0.570000,0.434167
2008-04-01,2008,4,2008.291667,0.490000,0.448958
2008-05-01,2008,5,2008.375000,-0.450000,0.404792
2008-06-01,2008,6,2008.458333,0.020000,0.380208
2008-07-01,2008,7,2008.541667,-0.470000,0.374375
2008-08-01,2008,8,2008.625000,-0.160000,0.362500
2008-09-01,2008,9,2008.708333,1.220000,0.384375
2008-10-01,2008,10,2008.791667,0.080000,0.367500
2008-11-01,2008,11,2008.875000,0.820000,0.378750
2008-12-01,2008,12,2008.958333,-0.450000,0.373958
2009-01-01,2009,1,2009.041667,0.330000,0.375208
2009-02-01,2009,2,2009.125000,0.270000,0.362083
2009-03-01,2009,3,2009.208333,0.490000,0.363125
2009-04-01,2009,4,2009.291667,0.090000,0.351458
2009-05-01,2009,5,2009.375000,-0.400000,0.340417
2009-06-01,2009,6,2009.458333,-0.470000,0.314167
2009-07-01,2009,7,2009.541667,0.320000,0.303333
2009-08-01,2009,8,2009.625000,-0.050000,0.281458
2009-09-01,2009,9,2009.708333,1.130000,0.297083
2009-10-01,2009,10,2009.791667,0.500000,0.296042
2009-11-01,2009,11,2009.875000,0.990000,0.310208
2009-12-01,2009,12,2009.958333,0.400000,0.335208
2010-01-01,2010,1,2010.041667,0.970000,0.343333
2010-02-01,2010,2,2010.125000,1.000000,0.350625
2010-03-01,2010,3,2010.208333,0.590000,0.351042
2010-04-01,2010,4,2010.291667,0.370000,0.346875
2010-05-01,2010,5,2010.375000,0.690000,0.361875
2010-06-01,2010,6,2010.458333,0.830000,0.384167
2010-07-01,2010,7,2010.541667,1.090000,0.402500
2010-08-01,2010,8,2010.625000,0.960000,0.410000
2010-09-01,2010,9,2010.708333,0.710000,0.423958
2010-10-01,2010,10,2010.791667,0.810000,0.415417
2010-11-01,2010,11,2010.875000,0.830000,0.439792
2010-12-01,2010,12,2010.958333,0.630000,0.447292
2011-01-01,2011,1,2011.041667,0.710000,0.449583
2011-02-01,2011,2,2011.125000,0.640000,0.462083
2011-03-01,2011,3,2011.208333,-0.080000,0.449792
2011-04-01,2011,4,2011.291667,0.390000,0.460000
2011-05-01,2011,5,2011.375000,0.690000,0.465000
2011-06-01,2011,6,2011.458333,1.240000,0.483125
2011-07-01,2011,7,2011.541667,0.200000,0.484167
2011-08-01,2011,8,2011.625000,0.040000,0.468750
2011-09-01,2011,9,2011.708333,0.020000,0.451458
2011-10-01,2011,10,2011.791667,-0.370000,0.442083
2011-11-01,2011,11,2011.875000,0.650000,0.440417
2011-12-01,2011,12,2011.958333,1.790000,0.449167
2012-01-01,2012,1,2012.041667,0.160000,0.428333
2012-02-01,2012,2,2012.125000,-0.220000,0.405625
2012-03-01,2012,3,2012.208333,0.850000,0.435208
2012-04-01,2012,4,2012.291667,0.410000,0.433542
2012-05-01,2012,5,2012.375000,-0.540000,0.431667
2012-06-01,2012,6,2012.458333,-0.520000,0.420417
2012-07-01,2012,7,2012.541667,0.330000,0.437083
2012-08-01,2012,8,2012.625000,0.270000,0.446042
2012-09-01,2012,9,2012.708333,0.390000,0.428750
2012-10-01,2012,10,2012.791667,-0.610000,0.414375
2012-11-01,2012,11,2012.875000,0.230000,0.402083
2012-12-01,2012,12,2012.958333,0.140000,0.414375
2013-01-01,2013,1,2013.041667,1.140000,0.431250
2013-02-01,2013,2,2013.125000,0.580000,0.437708
2013-03-01,2013,3,2013.208333,0.220000,0.432083
2013-04-01,2013,4,2013.291667,0.790000,0.446667
2013-05-01,2013,5,2013.375000,0.350000,0.462292
2013-06-01,2013,6,2013.458333,0.920000,0.491250
2013-07-01,2013,7,2013.541667,0.740000,0.500000
2013-08-01,2013,8,2013.625000,0.070000,0.502500
2013-09-01,2013,9,2013.708333,0.730000,0.494167
2013-10-01,2013,10,2013.791667,0.280000,0.489583
2013-11-01,2013,11,2013.875000,0.640000,0.482292
2013-12-01,2013,12,2013.958333,0.130000,0.476667
2014-01-01,2014,1,2014.041667,0.540000,0.467708
2014-02-01,2014,2,2014.125000,0.590000,0.459167
2014-03-01,2014,3,2014.208333,-0.100000,0.444792
2014-04-01,2014,4,2014.291667,0.140000,0.440000
2014-05-01,2014,5,2014.375000,0.100000,0.427708
2014-06-01,2014,6,2014.458333,0.650000,0.423958
2014-07-01,2014,7,2014.541667,0.680000,0.415417
2014-08-01,2014,8,2014.625000,-0.510000,0.384792
2014-09-01,2014,9,2014.708333,0.060000,0.371250
2014-10-01,2014,10,2014.791667,-0.340000,0.347292
2014-11-01,2014,11,2014.875000,0.230000,0.334792
2014-12-01,2014,12,2014.958333,0.790000,0.338125
2015-01-01,2015,1,2015.041667,0.440000,0.332500
2015-02-01,2015,2,2015.125000,-0.080000,0.317500
2015-03-01,2015,3,2015.208333,0.270000,0.324792
2015-04-01,2015,4,2015.291667,-0.120000,0.314167
2015-05-01,2015,5,2015.375000,-0.380000,0.291875
2015-06-01,2015,6,2015.458333,0.140000,0.268958
2015-07-01,2015,7,2015.541667,-0.490000,0.254583
2015-08-01,2015,8,2015.625000,-0.710000,0.238958
2015-09-01,2015,9,2015.708333,-0.800000,0.221875
2015-10-01,2015,10,2015.791667,-0.800000,0.212917
2015-11-01,2015,11,2015.875000,0.030000,0.200000
2015-12-01,2015,12,2015.958333,-0.130000,0.160000
2016-01-01,2016,1,2016.041667,-0.020000,0.156250
2016-02-01,2016,2,2016.125000,0.150000,0.163958
2016-03-01,2016,3,2016.208333,0.050000,0.147292
2016-04-01,2016,4,2016.291667,-0.730000,0.123542
2016-05-01,2016,5,2016.375000,-0.300000,0.128542
2016-06-01,2016,6,2016.458333,-0.990000,0.118750
2016-07-01,2016,7,2016.541667,-0.490000,0.101667
2016-08-01,2016,8,2016.625000,-0.180000,0.092292
2016-09-01,2016,9,2016.708333,-0.260000,0.078750
2016-10-01,2016,10,2016.791667,-0.280000,0.085625
2016-11-01,2016,11,2016.875000,-0.840000,0.063333
2016-12-01,2016,12,2016.958333,-0.540000,0.049167
2017-01-01,2017,1,2017.041667,-1.640000,-0.008750
2017-02-01,2017,2,2017.125000,-1.350000,-0.048958
2017-03-01,2017,3,2017.208333,-0.600000,-0.066042
2017-04-01,2017,4,2017.291667,-0.990000,-0.103125
2017-05-01,2017,5,2017.375000,-0.410000,-0.118958
2017-06-01,2017,6,2017.458333,-0.510000,-0.148750
2017-07-01,2017,7,2017.541667,-0.790000,-0.180625
2017-08-01,2017,8,2017.625000,0.350000,-0.174792
2017-09-01,2017,9,2017.708333,0.120000,-0.187500
2017-10-01,2017,10,2017.791667,0.550000,-0.181875
2017-11-01,2017,11,2017.875000,0.200000,-0.191042
2017-12-01,2017,12,2017.958333,0.380000,-0.185833
2018-01-01,2018,1,2018.041667,-0.240000,-0.202083
2018-02-01,2018,2,2018.125000,0.730000,-0.199167
2018-03-01,2018,3,2018.208333,0.080000,-0.195417
2018-04-01,2018,4,2018.291667,-1.160000,-0.222500
2018-05-01,2018,5,2018.375000,-0.620000,-0.237500
2018-06-01,2018,6,2018.458333,0.230000,-0.246250
2018-07-01,2018,7,2018.541667,-0.070000,-0.261875
2018-08-01,2018,8,2018.625000,0.330000,-0.244375
2018-09-01,2018,9,2018.708333,-0.790000,-0.262083
2018-10-01,2018,10,2018.791667,-0.720000,-0.270000
2018-11-01,2018,11,2018.875000,-0.730000,-0.290000
2018-12-01,2018,12,2018.958333,-1.080000,-0.328958
2019-01-01,2019,1,2019.041667,-0.270000,-0.343750
2019-02-01,2019,2,2019.125000,-0.760000,-0.357917
2019-03-01,2019,3,2019.208333,-1.030000,-0.385000
2019-04-01,2019,4,2019.291667,-0.600000,-0.395000
2019-05-01,2019,5,2019.375000,-1.010000,-0.408125
2019-06-01,2019,6,2019.458333,-0.370000,-0.418750
2019-07-01,2019,7,2019.541667,-0.860000,-0.426458
2019-08-01,2019,8,2019.625000,-0.500000,-0.422083
2019-09-01,2019,9,2019.708333,-1.190000,-0.430208
2019-10-01,2019,10,2019.791667,-1.670000,-0.448333
2019-11-01,2019,11,2019.875000,-0.970000,-0.469167
2019-12-01,2019,12,2019.958333,-1.180000,-0.491042
2020-01-01,2020,1,2020.041667,0.110000,-0.488333
2020-02-01,2020,2,2020.125000,-0.410000,-0.500000
2020-03-01,2020,3,2020.208333,-0.930000,-0.520417
2020-04-01,2020,4,2020.291667,-1.210000,-0.530417
2020-05-01,2020,5,2020.375000,-1.310000,-0.551458
2020-06-01,2020,6,2020.458333,-0.870000,-0.548958
2020-07-01,2020,7,2020.541667,-0.240000,-0.543750
2020-08-01,2020,8,2020.625000,-1.080000,-0.562500
2020-09-01,2020,9,2020.708333,-0.230000,-0.561875
2020-10-01,2020,10,2020.791667,0.490000,-0.545833
2020-11-01,2020,11,2020.875000,-0.150000,-0.531458
2020-12-01,2020,12,2020.958333,0.470000,-0.510417
2021-01-01,2021,1,2021.041667,0.290000,-0.470208
2021-02-01,2021,2,2021.125000,-0.470000,-0.451875
2021-03-01,2021,3,2021.208333,-0.870000,-0.457500
2021-04-01,2021,4,2021.291667,-0.550000,-0.448333
2021-05-01,2021,5,2021.375000,-0.310000,-0.446250
2021-06-01,2021,6,2021.458333,-1.170000,-0.460000
2021-07-01,2021,7,2021.541667,-0.210000,-0.447917
2021-08-01,2021,8,2021.625000,-0.860000,-0.473125
2021-09-01,2021,9,2021.708333,-0.440000,-0.484792
2021-10-01,2021,10,2021.791667,-0.830000,-0.513542
2021-11-01,2021,11,2021.875000,-0.960000,-0.537708
2021-12-01,2021,12,2021.958333,-0.020000,-0.546042
2022-01-01,2022,1,2022.041667,-0.570000,-0.552917
2022-02-01,2022,2,2022.125000,-0.960000,-0.588125
2022-03-01,2022,3,2022.208333,-0.500000,-0.600208
2022-04-01,2022,4,2022.291667,-0.540000,-0.587292
2022-05-01,2022,5,2022.375000,-0.040000,-0.575208
2022-06-01,2022,6,2022.458333,-1.390000,-0.608958
2022-07-01,2022,7,2022.541667,-0.120000,-0.610000
2022-08-01,2022,8,2022.625000,-0.370000,-0.624583
2022-09-01,2022,9,2022.708333,-0.490000,-0.618333
2022-10-01,2022,10,2022.791667,-0.590000,-0.615625
2022-11-01,2022,11,2022.875000,-0.700000,-0.615000
2022-12-01,2022,12,2022.958333,-1.280000,-0.619167
2023-01-01,2023,1,2023.041667,-1.530000,-0.645417
2023-02-01,2023,2,2023.125000,-1.020000,-0.650833
2023-03-01,2023,3,2023.208333,-1.460000,-0.659792
2023-04-01,2023,4,2023.291667,-1.190000,-0.672083
2023-05-01,2023,5,2023.375000,-0.550000,-0.662500
2023-06-01,2023,6,2023.458333,-1.570000,-0.687500
2023-07-01,2023,7,2023.541667,-1.600000,-0.702917
2023-08-01,2023,8,2023.625000,-2.140000,-0.737083
2023-09-01,2023,9,2023.708333,-1.970000,-0.753333
2023-10-01,2023,10,2023.791667,-1.830000,-0.756667
2023-11-01,2023,11,2023.875000,-1.270000,-0.762917
2023-12-01,2023,12,2023.958333,-1.190000,-0.763125
2024-01-01,2024,1,2024.041667,-0.500000,-0.775833
2024-02-01,2024,2,2024.125000,-0.630000,-0.780417
2024-03-01,2024,3,2024.208333,-0.440000,-0.770208
2024-04-01,2024,4,2024.291667,-0.780000,-0.761250
2024-05-01,2024,5,2024.375000,-0.400000,-0.742292
2024-06-01,2024,6,2024.458333,-0.930000,-0.743542
2024-07-01,2024,7,2024.541667,-0.370000,-0.746250
2024-08-01,2024,8,2024.625000,-1.250000,-0.749792
2024-09-01,2024,9,2024.708333,-1.170000,-0.769375
2024-10-01,2024,10,2024.791667,-1.020000,-0.800833
2024-11-01,2024,11,2024.875000,-1.240000,-0.823542
2024-12-01,2024,12,2024.958333,-0.850000,-0.851042
2025-01-01,2025,1,2025.041667,-2.190000,-0.902708
2025-02-01,2025,2,2025.125000,-1.310000,-0.920208
2025-03-01,2025,3,2025.208333,-1.760000,-0.938750
2025-04-01,2025,4,2025.291667,-0.780000,-0.943542
2025-05-01,2025,5,2025.375000,-0.380000,-0.945000
2025-06-01,2025,6,2025.458333,-0.930000,-0.940000
2025-07-01,2025,7,2025.541667,-0.870000,-0.953750
2025-08-01,2025,8,2025.625000,-1.240000,-0.961667
2025-09-01,2025,9,2025.708333,-1.460000,-0.982917
2025-10-01,2025,10,2025.791667,-1.020000,-0.986875
2025-11-01,2025,11,2025.875000,-1.500000,-0.998125
2025-12-01,2025,12,2025.958333,-1.520000,-1.029375
2026-01-01,2026,1,2026.041667,-1.890000,-1.056875
2026-02-01,2026,2,2026.125000,-2.140000,-1.081458
