date,year,month,toa_net_flux_w_m2,decimal_year
2000-03-01,2000,3,0.960000,2000.208333
2000-04-01,2000,4,1.140000,2000.291667
2000-05-01,2000,5,1.090000,2000.375000
2000-06-01,2000,6,1.130000,2000.458333
2000-07-01,2000,7,0.680000,2000.541667
2000-08-01,2000,8,1.400000,2000.625000
2000-09-01,2000,9,1.390000,2000.708333
2000-10-01,2000,10,2.370000,2000.791667
2000-11-01,2000,11,1.140000,2000.875000
2000-12-01,2000,12,0.760000,2000.958333
2001-01-01,2001,1,-0.680000,2001.041667
2001-02-01,2001,2,1.410000,2001.125000
2001-03-01,2001,3,0.800000,2001.208333
2001-04-01,2001,4,1.840000,2001.291667
2001-05-01,2001,5,1.070000,2001.375000
2001-06-01,2001,6,0.990000,2001.458333
2001-07-01,2001,7,0.360000,2001.541667
2001-08-01,2001,8,1.150000,2001.625000
2001-09-01,2001,9,0.640000,2001.708333
2001-10-01,2001,10,2.060000,2001.791667
2001-11-01,2001,11,0.440000,2001.875000
2001-12-01,2001,12,1.340000,2001.958333
2002-01-01,2002,1,1.220000,2002.041667
2002-02-01,2002,2,1.290000,2002.125000
2002-03-01,2002,3,0.890000,2002.208333
2002-04-01,2002,4,1.250000,2002.291667
2002-05-01,2002,5,-0.140000,2002.375000
2002-06-01,2002,6,1.150000,2002.458333
2002-07-01,2002,7,1.100000,2002.541667
2002-08-01,2002,8,1.630000,2002.625000
2002-09-01,2002,9,0.640000,2002.708333
2002-10-01,2002,10,0.100000,2002.791667
2002-11-01,2002,11,0.930000,2002.875000
2002-12-01,2002,12,0.810000,2002.958333
2003-01-01,2003,1,0.590000,2003.041667
2003-02-01,2003,2,0.340000,2003.125000
2003-03-01,2003,3,0.010000,2003.208333
2003-04-01,2003,4,0.850000,2003.291667
2003-05-01,2003,5,1.030000,2003.375000
2003-06-01,2003,6,0.280000,2003.458333
2003-07-01,2003,7,0.090000,2003.541667
2003-08-01,2003,8,0.060000,2003.625000
2003-09-01,2003,9,0.340000,2003.708333
2003-10-01,2003,10,0.080000,2003.791667
2003-11-01,2003,11,0.290000,2003.875000
2003-12-01,2003,12,-0.040000,2003.958333
2004-01-01,2004,1,0.410000,2004.041667
2004-02-01,2004,2,-0.100000,2004.125000
2004-03-01,2004,3,1.590000,2004.208333
2004-04-01,2004,4,-0.220000,2004.291667
2004-05-01,2004,5,1.670000,2004.375000
2004-06-01,2004,6,1.200000,2004.458333
2004-07-01,2004,7,-0.190000,2004.541667
2004-08-01,2004,8,0.410000,2004.625000
2004-09-01,2004,9,0.170000,2004.708333
2004-10-01,2004,10,0.890000,2004.791667
2004-11-01,2004,11,0.280000,2004.875000
2004-12-01,2004,12,-0.220000,2004.958333
2005-01-01,2005,1,0.270000,2005.041667
2005-02-01,2005,2,0.900000,2005.125000
2005-03-01,2005,3,0.440000,2005.208333
2005-04-01,2005,4,0.650000,2005.291667
2005-05-01,2005,5,0.130000,2005.375000
2005-06-01,2005,6,0.790000,2005.458333
2005-07-01,2005,7,0.840000,2005.541667
2005-08-01,2005,8,1.000000,2005.625000
2005-09-01,2005,9,0.380000,2005.708333
2005-10-01,2005,10,0.550000,2005.791667
2005-11-01,2005,11,0.310000,2005.875000
2005-12-01,2005,12,-0.800000,2005.958333
2006-01-01,2006,1,0.580000,2006.041667
2006-02-01,2006,2,0.650000,2006.125000
2006-03-01,2006,3,0.570000,2006.208333
2006-04-01,2006,4,0.570000,2006.291667
2006-05-01,2006,5,-0.030000,2006.375000
2006-06-01,2006,6,-0.240000,2006.458333
2006-07-01,2006,7,0.210000,2006.541667
2006-08-01,2006,8,0.600000,2006.625000
2006-09-01,2006,9,0.040000,2006.708333
2006-10-01,2006,10,1.220000,2006.791667
2006-11-01,2006,11,-0.340000,2006.875000
2006-12-01,2006,12,0.270000,2006.958333
2007-01-01,2007,1,0.600000,2007.041667
2007-02-01,2007,2,0.040000,2007.125000
2007-03-01,2007,3,0.510000,2007.208333
2007-04-01,2007,4,-0.100000,2007.291667
2007-05-01,2007,5,0.450000,2007.375000
2007-06-01,2007,6,0.370000,2007.458333
2007-07-01,2007,7,0.150000,2007.541667
2007-08-01,2007,8,0.780000,2007.625000
2007-09-01,2007,9,0.850000,2007.708333
2007-10-01,2007,10,0.080000,2007.791667
2007-11-01,2007,11,0.730000,2007.875000
2007-12-01,2007,12,1.370000,2007.958333
2008-01-01,2008,1,1.160000,2008.041667
2008-02-01,2008,2,0.870000,2008.125000
2008-03-01,2008,3,-0.570000,2008.208333
2008-04-01,2008,4,0.490000,2008.291667
2008-05-01,2008,5,-0.450000,2008.375000
2008-06-01,2008,6,0.020000,2008.458333
2008-07-01,2008,7,-0.470000,2008.541667
2008-08-01,2008,8,-0.160000,2008.625000
2008-09-01,2008,9,1.220000,2008.708333
2008-10-01,2008,10,0.080000,2008.791667
2008-11-01,2008,11,0.820000,2008.875000
2008-12-01,2008,12,-0.450000,2008.958333
2009-01-01,2009,1,0.330000,2009.041667
2009-02-01,2009,2,0.270000,2009.125000
2009-03-01,2009,3,0.490000,2009.208333
2009-04-01,2009,4,0.090000,2009.291667
2009-05-01,2009,5,-0.400000,2009.375000
2009-06-01,2009,6,-0.470000,2009.458333
2009-07-01,2009,7,0.320000,2009.541667
2009-08-01,2009,8,-0.050000,2009.625000
2009-09-01,2009,9,1.130000,2009.708333
2009-10-01,2009,10,0.500000,2009.791667
2009-11-01,2009,11,0.990000,2009.875000
2009-12-01,2009,12,0.400000,2009.958333
2010-01-01,2010,1,0.970000,2010.041667
2010-02-01,2010,2,1.000000,2010.125000
2010-03-01,2010,3,0.590000,2010.208333
2010-04-01,2010,4,0.370000,2010.291667
2010-05-01,2010,5,0.690000,2010.375000
2010-06-01,2010,6,0.830000,2010.458333
2010-07-01,2010,7,1.090000,2010.541667
2010-08-01,2010,8,0.960000,2010.625000
2010-09-01,2010,9,0.710000,2010.708333
2010-10-01,2010,10,0.810000,2010.791667
2010-11-01,2010,11,0.830000,2010.875000
2010-12-01,2010,12,0.630000,2010.958333
2011-01-01,2011,1,0.710000,2011.041667
2011-02-01,2011,2,0.640000,2011.125000
2011-03-01,2011,3,-0.080000,2011.208333
2011-04-01,2011,4,0.390000,2011.291667
2011-05-01,2011,5,0.690000,2011.375000
2011-06-01,2011,6,1.240000,2011.458333
2011-07-01,2011,7,0.200000,2011.541667
2011-08-01,2011,8,0.040000,2011.625000
2011-09-01,2011,9,0.020000,2011.708333
2011-10-01,2011,10,-0.370000,2011.791667
2011-11-01,2011,11,0.650000,2011.875000
2011-12-01,2011,12,1.790000,2011.958333
2012-01-01,2012,1,0.160000,2012.041667
2012-02-01,2012,2,-0.220000,2012.125000
2012-03-01,2012,3,0.850000,2012.208333
2012-04-01,2012,4,0.410000,2012.291667
2012-05-01,2012,5,-0.540000,2012.375000
2012-06-01,2012,6,-0.520000,2012.458333
2012-07-01,2012,7,0.330000,2012.541667
2012-08-01,2012,8,0.270000,2012.625000
2012-09-01,2012,9,0.390000,2012.708333
2012-10-01,2012,10,-0.610000,2012.791667
2012-11-01,2012,11,0.230000,2012.875000
2012-12-01,2012,12,0.140000,2012.958333
2013-01-01,2013,1,1.140000,2013.041667
2013-02-01,2013,2,0.580000,2013.125000
2013-03-01,2013,3,0.220000,2013.208333
2013-04-01,2013,4,0.790000,2013.291667
2013-05-01,2013,5,0.350000,2013.375000
2013-06-01,2013,6,0.920000,2013.458333
2013-07-01,2013,7,0.740000,2013.541667
2013-08-01,2013,8,0.070000,2013.625000
2013-09-01,2013,9,0.730000,2013.708333
2013-10-01,2013,10,0.280000,2013.791667
2013-11-01,2013,11,0.640000,2013.875000
2013-12-01,2013,12,0.130000,2013.958333
2014-01-01,2014,1,0.540000,2014.041667
2014-02-01,2014,2,0.590000,2014.125000
2014-03-01,2014,3,-0.100000,2014.208333
2014-04-01,2014,4,0.140000,2014.291667
2014-05-01,2014,5,0.100000,2014.375000
2014-06-01,2014,6,0.650000,2014.458333
2014-07-01,2014,7,0.680000,2014.541667
2014-08-01,2014,8,-0.510000,2014.625000
2014-09-01,2014,9,0.060000,2014.708333
2014-10-01,2014,10,-0.340000,2014.791667
2014-11-01,2014,11,0.230000,2014.875000
2014-12-01,2014,12,0.790000,2014.958333
2015-01-01,2015,1,0.440000,2015.041667
2015-02-01,2015,2,-0.080000,2015.125000
2015-03-01,2015,3,0.270000,2015.208333
2015-04-01,2015,4,-0.120000,2015.291667
2015-05-01,2015,5,-0.380000,2015.375000
2015-06-01,2015,6,0.140000,2015.458333
2015-07-01,2015,7,-0.490000,2015.541667
2015-08-01,2015,8,-0.710000,2015.625000
2015-09-01,2015,9,-0.800000,2015.708333
2015-10-01,2015,10,-0.800000,2015.791667
2015-11-01,2015,11,0.030000,2015.875000
2015-12-01,2015,12,-0.130000,2015.958333
2016-01-01,2016,1,-0.020000,2016.041667
2016-02-01,2016,2,0.150000,2016.125000
2016-03-01,2016,3,0.050000,2016.208333
2016-04-01,2016,4,-0.730000,2016.291667
2016-05-01,2016,5,-0.300000,2016.375000
2016-06-01,2016,6,-0.990000,2016.458333
2016-07-01,2016,7,-0.490000,2016.541667
2016-08-01,2016,8,-0.180000,2016.625000
2016-09-01,2016,9,-0.260000,2016.708333
2016-10-01,2016,10,-0.280000,2016.791667
2016-11-01,2016,11,-0.840000,2016.875000
2016-12-01,2016,12,-0.540000,2016.958333
2017-01-01,2017,1,-1.640000,2017.041667
2017-02-01,2017,2,-1.350000,2017.125000
2017-03-01,2017,3,-0.600000,2017.208333
2017-04-01,2017,4,-0.990000,2017.291667
2017-05-01,2017,5,-0.410000,2017.375000
2017-06-01,2017,6,-0.510000,2017.458333
2017-07-01,2017,7,-0.790000,2017.541667
2017-08-01,2017,8,0.350000,2017.625000
2017-09-01,2017,9,0.120000,2017.708333
2017-10-01,2017,10,0.550000,2017.791667
2017-11-01,2017,11,0.200000,2017.875000
2017-12-01,2017,12,0.380000,2017.958333
2018-01-01,2018,1,-0.240000,2018.041667
2018-02-01,2018,2,0.730000,2018.125000
2018-03-01,2018,3,0.080000,2018.208333
2018-04-01,2018,4,-1.160000,2018.291667
2018-05-01,2018,5,-0.620000,2018.375000
2018-06-01,2018,6,0.230000,2018.458333
2018-07-01,2018,7,-0.070000,2018.541667
2018-08-01,2018,8,0.330000,2018.625000
2018-09-01,2018,9,-0.790000,2018.708333
2018-10-01,2018,10,-0.720000,2018.791667
2018-11-01,2018,11,-0.730000,2018.875000
2018-12-01,2018,12,-1.080000,2018.958333
2019-01-01,2019,1,-0.270000,2019.041667
2019-02-01,2019,2,-0.760000,2019.125000
2019-03-01,2019,3,-1.030000,2019.208333
2019-04-01,2019,4,-0.600000,2019.291667
2019-05-01,2019,5,-1.010000,2019.375000
2019-06-01,2019,6,-0.370000,2019.458333
2019-07-01,2019,7,-0.860000,2019.541667
2019-08-01,2019,8,-0.500000,2019.625000
2019-09-01,2019,9,-1.190000,2019.708333
2019-10-01,2019,10,-1.670000,2019.791667
2019-11-01,2019,11,-0.970000,2019.875000
2019-12-01,2019,12,-1.180000,2019.958333
2020-01-01,2020,1,0.110000,2020.041667
2020-02-01,2020,2,-0.410000,2020.125000
2020-03-01,2020,3,-0.930000,2020.208333
2020-04-01,2020,4,-1.210000,2020.291667
2020-05-01,2020,5,-1.310000,2020.375000
2020-06-01,2020,6,-0.870000,2020.458333
2020-07-01,2020,7,-0.240000,2020.541667
2020-08-01,2020,8,-1.080000,2020.625000
2020-09-01,2020,9,-0.230000,2020.708333
2020-10-01,2020,10,0.490000,2020.791667
2020-11-01,2020,11,-0.150000,2020.875000
2020-12-01,2020,12,0.470000,2020.958333
2021-01-01,2021,1,0.290000,2021.041667
2021-02-01,2021,2,-0.470000,2021.125000
2021-03-01,2021,3,-0.870000,2021.208333
2021-04-01,2021,4,-0.550000,2021.291667
2021-05-01,2021,5,-0.310000,2021.375000
2021-06-01,2021,6,-1.170000,2021.458333
2021-07-01,2021,7,-0.210000,2021.541667
2021-08-01,2021,8,-0.860000,2021.625000
2021-09-01,2021,9,-0.440000,2021.708333
2021-10-01,2021,10,-0.830000,2021.791667
2021-11-01,2021,11,-0.960000,2021.875000
2021-12-01,2021,12,-0.020000,2021.958333
2022-01-01,2022,1,-0.570000,2022.041667
2022-02-01,2022,2,-0.960000,2022.125000
2022-03-01,2022,3,-0.500000,2022.208333
2022-04-01,2022,4,-0.540000,2022.291667
2022-05-01,2022,5,-0.040000,2022.375000
2022-06-01,2022,6,-1.390000,2022.458333
2022-07-01,2022,7,-0.120000,2022.541667
2022-08-01,2022,8,-0.370000,2022.625000
2022-09-01,2022,9,-0.490000,2022.708333
2022-10-01,2022,10,-0.590000,2022.791667
2022-11-01,2022,11,-0.700000,2022.875000
2022-12-01,2022,12,-1.280000,2022.958333
2023-01-01,2023,1,-1.530000,2023.041667
2023-02-01,2023,2,-1.020000,2023.125000
2023-03-01,2023,3,-1.460000,2023.208333
2023-04-01,2023,4,-1.190000,2023.291667
2023-05-01,2023,5,-0.550000,2023.375000
2023-06-01,2023,6,-1.570000,2023.458333
2023-07-01,2023,7,-1.600000,2023.541667
2023-08-01,2023,8,-2.140000,2023.625000
2023-09-01,2023,9,-1.970000,2023.708333
2023-10-01,2023,10,-1.830000,2023.791667
2023-11-01,2023,11,-1.270000,2023.875000
2023-12-01,2023,12,-1.190000,2023.958333
2024-01-01,2024,1,-0.500000,2024.041667
2024-02-01,2024,2,-0.630000,2024.125000
2024-03-01,2024,3,-0.440000,2024.208333
2024-04-01,2024,4,-0.780000,2024.291667
2024-05-01,2024,5,-0.400000,2024.375000
2024-06-01,2024,6,-0.930000,2024.458333
2024-07-01,2024,7,-0.370000,2024.541667
2024-08-01,2024,8,-1.250000,2024.625000
2024-09-01,2024,9,-1.170000,2024.708333
2024-10-01,2024,10,-1.020000,2024.791667
2024-11-01,2024,11,-1.240000,2024.875000
2024-12-01,2024,12,-0.850000,2024.958333
2025-01-01,2025,1,-2.190000,2025.041667
2025-02-01,2025,2,-1.310000,2025.125000
2025-03-01,2025,3,-1.760000,2025.208333
2025-04-01,2025,4,-0.780000,2025.291667
2025-05-01,2025,5,-0.380000,2025.375000
2025-06-01,2025,6,-0.930000,2025.458333
2025-07-01,2025,7,-0.870000,2025.541667
2025-08-01,2025,8,-1.240000,2025.625000
2025-09-01,2025,9,-1.460000,2025.708333
2025-10-01,2025,10,-1.020000,2025.791667
2025-11-01,2025,11,-1.500000,2025.875000
2025-12-01,2025,12,-1.520000,2025.958333
2026-01-01,2026,1,-1.890000,2026.041667
2026-02-01,2026,2,-2.140000,2026.125000
