date2,year2,month2,decimal_year2,sw_in2,sw_out2
2000-03-01,2000,3,2000.208333,343.480000,99.260000
2000-04-01,2000,4,2000.291667,337.750000,97.780000
2000-05-01,2000,5,2000.375000,332.760000,97.930000
2000-06-01,2000,6,2000.458333,329.820000,96.820000
2000-07-01,2000,7,2000.541667,329.500000,94.220000
2000-08-01,2000,8,2000.625000,332.030000,93.580000
2000-09-01,2000,9,2000.708333,336.540000,95.210000
2000-10-01,2000,10,2000.791667,342.530000,101.910000
2000-11-01,2000,11,2000.875000,347.930000,106.530000
2000-12-01,2000,12,2000.958333,351.370000,108.280000
2001-01-01,2001,1,2001.041667,351.560000,104.710000
2001-02-01,2001,2,2001.125000,348.690000,102.870000
2001-03-01,2001,3,2001.208333,343.560000,99.090000
2001-04-01,2001,4,2001.291667,337.750000,98.470000
2001-05-01,2001,5,2001.375000,332.880000,97.900000
2001-06-01,2001,6,2001.458333,329.870000,96.670000
2001-07-01,2001,7,2001.541667,329.580000,93.910000
2001-08-01,2001,8,2001.625000,331.910000,93.330000
2001-09-01,2001,9,2001.708333,336.460000,94.460000
2001-10-01,2001,10,2001.791667,342.400000,101.600000
2001-11-01,2001,11,2001.875000,347.800000,105.830000
2001-12-01,2001,12,2001.958333,351.300000,108.870000
2002-01-01,2002,1,2002.041667,351.660000,106.610000
2002-02-01,2002,2,2002.125000,348.810000,102.750000
2002-03-01,2002,3,2002.208333,343.790000,99.190000
2002-04-01,2002,4,2002.291667,337.860000,97.890000
2002-05-01,2002,5,2002.375000,332.900000,96.690000
2002-06-01,2002,6,2002.458333,329.940000,96.840000
2002-07-01,2002,7,2002.541667,329.420000,94.640000
2002-08-01,2002,8,2002.625000,331.820000,93.820000
2002-09-01,2002,9,2002.708333,336.460000,94.460000
2002-10-01,2002,10,2002.791667,342.270000,99.640000
2002-11-01,2002,11,2002.875000,347.720000,106.320000
2002-12-01,2002,12,2002.958333,351.290000,108.340000
2003-01-01,2003,1,2003.041667,351.550000,105.980000
2003-02-01,2003,2,2003.125000,348.720000,101.790000
2003-03-01,2003,3,2003.208333,343.620000,98.310000
2003-04-01,2003,4,2003.291667,337.810000,97.490000
2003-05-01,2003,5,2003.375000,332.830000,97.870000
2003-06-01,2003,6,2003.458333,329.770000,95.970000
2003-07-01,2003,7,2003.541667,329.390000,93.640000
2003-08-01,2003,8,2003.625000,331.770000,92.240000
2003-09-01,2003,9,2003.708333,336.400000,94.160000
2003-10-01,2003,10,2003.791667,341.960000,99.610000
2003-11-01,2003,11,2003.875000,347.610000,105.680000
2003-12-01,2003,12,2003.958333,351.140000,107.490000
2004-01-01,2004,1,2004.041667,351.400000,105.790000
2004-02-01,2004,2,2004.125000,348.530000,101.350000
2004-03-01,2004,3,2004.208333,343.450000,99.890000
2004-04-01,2004,4,2004.291667,337.660000,96.410000
2004-05-01,2004,5,2004.375000,332.670000,98.500000
2004-06-01,2004,6,2004.458333,329.700000,96.890000
2004-07-01,2004,7,2004.541667,329.300000,93.360000
2004-08-01,2004,8,2004.625000,331.760000,92.590000
2004-09-01,2004,9,2004.708333,336.460000,93.990000
2004-10-01,2004,10,2004.791667,342.290000,100.420000
2004-11-01,2004,11,2004.875000,347.710000,105.670000
2004-12-01,2004,12,2004.958333,351.160000,107.310000
2005-01-01,2005,1,2005.041667,351.250000,105.650000
2005-02-01,2005,2,2005.125000,348.440000,102.360000
2005-03-01,2005,3,2005.208333,343.440000,98.740000
2005-04-01,2005,4,2005.291667,337.630000,97.290000
2005-05-01,2005,5,2005.375000,332.650000,96.970000
2005-06-01,2005,6,2005.458333,329.670000,96.480000
2005-07-01,2005,7,2005.541667,329.330000,94.380000
2005-08-01,2005,8,2005.625000,331.750000,93.180000
2005-09-01,2005,9,2005.708333,336.350000,94.200000
2005-10-01,2005,10,2005.791667,342.210000,100.090000
2005-11-01,2005,11,2005.875000,347.620000,105.700000
2005-12-01,2005,12,2005.958333,351.050000,106.720000
2006-01-01,2006,1,2006.041667,351.310000,105.970000
2006-02-01,2006,2,2006.125000,348.460000,102.100000
2006-03-01,2006,3,2006.208333,343.470000,98.870000
2006-04-01,2006,4,2006.291667,337.680000,97.200000
2006-05-01,2006,5,2006.375000,332.760000,96.810000
2006-06-01,2006,6,2006.458333,329.730000,95.440000
2006-07-01,2006,7,2006.541667,329.320000,93.750000
2006-08-01,2006,8,2006.625000,331.650000,92.790000
2006-09-01,2006,9,2006.708333,336.300000,93.860000
2006-10-01,2006,10,2006.791667,342.100000,100.750000
2006-11-01,2006,11,2006.875000,347.520000,105.050000
2006-12-01,2006,12,2006.958333,350.990000,107.800000
2007-01-01,2007,1,2007.041667,351.280000,105.990000
2007-02-01,2007,2,2007.125000,348.460000,101.500000
2007-03-01,2007,3,2007.208333,343.530000,98.810000
2007-04-01,2007,4,2007.291667,337.710000,96.530000
2007-05-01,2007,5,2007.375000,332.720000,97.280000
2007-06-01,2007,6,2007.458333,329.710000,96.050000
2007-07-01,2007,7,2007.541667,329.270000,93.690000
2007-08-01,2007,8,2007.625000,331.630000,92.970000
2007-09-01,2007,9,2007.708333,336.200000,94.670000
2007-10-01,2007,10,2007.791667,342.020000,99.620000
2007-11-01,2007,11,2007.875000,347.510000,106.120000
2007-12-01,2007,12,2007.958333,351.000000,108.900000
2008-01-01,2008,1,2008.041667,351.320000,106.550000
2008-02-01,2008,2,2008.125000,348.430000,102.330000
2008-03-01,2008,3,2008.208333,343.340000,97.730000
2008-04-01,2008,4,2008.291667,337.550000,97.120000
2008-05-01,2008,5,2008.375000,332.600000,96.390000
2008-06-01,2008,6,2008.458333,329.620000,95.710000
2008-07-01,2008,7,2008.541667,329.280000,93.080000
2008-08-01,2008,8,2008.625000,331.700000,92.020000
2008-09-01,2008,9,2008.708333,336.330000,95.040000
2008-10-01,2008,10,2008.791667,342.150000,99.620000
2008-11-01,2008,11,2008.875000,347.620000,106.210000
2008-12-01,2008,12,2008.958333,351.030000,107.080000
2009-01-01,2009,1,2009.041667,351.250000,105.720000
2009-02-01,2009,2,2009.125000,348.390000,101.720000
2009-03-01,2009,3,2009.208333,343.400000,98.790000
2009-04-01,2009,4,2009.291667,337.590000,96.730000
2009-05-01,2009,5,2009.375000,332.650000,96.440000
2009-06-01,2009,6,2009.458333,329.660000,95.220000
2009-07-01,2009,7,2009.541667,329.300000,93.870000
2009-08-01,2009,8,2009.625000,331.690000,92.140000
2009-09-01,2009,9,2009.708333,336.300000,94.950000
2009-10-01,2009,10,2009.791667,342.110000,100.040000
2009-11-01,2009,11,2009.875000,347.570000,106.380000
2009-12-01,2009,12,2009.958333,351.000000,107.920000
2010-01-01,2010,1,2010.041667,351.270000,106.360000
2010-02-01,2010,2,2010.125000,348.480000,102.460000
2010-03-01,2010,3,2010.208333,343.510000,98.890000
2010-04-01,2010,4,2010.291667,337.730000,97.000000
2010-05-01,2010,5,2010.375000,332.750000,97.530000
2010-06-01,2010,6,2010.458333,329.730000,96.520000
2010-07-01,2010,7,2010.541667,329.360000,94.630000
2010-08-01,2010,8,2010.625000,331.720000,93.150000
2010-09-01,2010,9,2010.708333,336.310000,94.530000
2010-10-01,2010,10,2010.791667,342.090000,100.350000
2010-11-01,2010,11,2010.875000,347.580000,106.220000
2010-12-01,2010,12,2010.958333,351.020000,108.160000
2011-01-01,2011,1,2011.041667,351.320000,106.100000
2011-02-01,2011,2,2011.125000,348.520000,102.100000
2011-03-01,2011,3,2011.208333,343.570000,98.220000
2011-04-01,2011,4,2011.291667,337.850000,97.030000
2011-05-01,2011,5,2011.375000,332.860000,97.520000
2011-06-01,2011,6,2011.458333,329.820000,96.920000
2011-07-01,2011,7,2011.541667,329.350000,93.750000
2011-08-01,2011,8,2011.625000,331.690000,92.220000
2011-09-01,2011,9,2011.708333,336.270000,93.840000
2011-10-01,2011,10,2011.791667,342.120000,99.170000
2011-11-01,2011,11,2011.875000,347.660000,106.040000
2011-12-01,2011,12,2011.958333,351.170000,109.320000
2012-01-01,2012,1,2012.041667,351.450000,105.550000
2012-02-01,2012,2,2012.125000,348.590000,101.230000
2012-03-01,2012,3,2012.208333,343.480000,99.150000
2012-04-01,2012,4,2012.291667,337.700000,97.040000
2012-05-01,2012,5,2012.375000,332.720000,96.290000
2012-06-01,2012,6,2012.458333,329.760000,95.160000
2012-07-01,2012,7,2012.541667,329.360000,93.870000
2012-08-01,2012,8,2012.625000,331.880000,92.450000
2012-09-01,2012,9,2012.708333,336.530000,94.210000
2012-10-01,2012,10,2012.791667,342.310000,98.930000
2012-11-01,2012,11,2012.875000,347.780000,105.620000
2012-12-01,2012,12,2012.958333,351.180000,107.670000
2013-01-01,2013,1,2013.041667,351.360000,106.530000
2013-02-01,2013,2,2013.125000,348.510000,102.030000
2013-03-01,2013,3,2013.208333,343.530000,98.520000
2013-04-01,2013,4,2013.291667,337.690000,97.420000
2013-05-01,2013,5,2013.375000,332.790000,97.180000
2013-06-01,2013,6,2013.458333,329.820000,96.610000
2013-07-01,2013,7,2013.541667,329.490000,94.290000
2013-08-01,2013,8,2013.625000,331.880000,92.250000
2013-09-01,2013,9,2013.708333,336.500000,94.550000
2013-10-01,2013,10,2013.791667,342.240000,99.820000
2013-11-01,2013,11,2013.875000,347.690000,106.030000
2013-12-01,2013,12,2013.958333,351.190000,107.660000
2014-01-01,2014,1,2014.041667,351.370000,105.930000
2014-02-01,2014,2,2014.125000,348.500000,102.050000
2014-03-01,2014,3,2014.208333,343.720000,98.190000
2014-04-01,2014,4,2014.291667,337.870000,96.770000
2014-05-01,2014,5,2014.375000,332.880000,96.930000
2014-06-01,2014,6,2014.458333,329.860000,96.340000
2014-07-01,2014,7,2014.541667,329.450000,94.230000
2014-08-01,2014,8,2014.625000,331.870000,91.680000
2014-09-01,2014,9,2014.708333,336.440000,93.880000
2014-10-01,2014,10,2014.791667,342.160000,99.200000
2014-11-01,2014,11,2014.875000,347.740000,105.620000
2014-12-01,2014,12,2014.958333,351.190000,108.320000
2015-01-01,2015,1,2015.041667,351.510000,105.830000
2015-02-01,2015,2,2015.125000,348.790000,101.380000
2015-03-01,2015,3,2015.208333,343.780000,98.570000
2015-04-01,2015,4,2015.291667,337.970000,96.510000
2015-05-01,2015,5,2015.375000,332.930000,96.450000
2015-06-01,2015,6,2015.458333,329.870000,95.820000
2015-07-01,2015,7,2015.541667,329.490000,93.050000
2015-08-01,2015,8,2015.625000,331.760000,91.480000
2015-09-01,2015,9,2015.708333,336.330000,93.020000
2015-10-01,2015,10,2015.791667,342.190000,98.740000
2015-11-01,2015,11,2015.875000,347.690000,105.420000
2015-12-01,2015,12,2015.958333,351.150000,107.400000
2016-01-01,2016,1,2016.041667,351.470000,105.370000
2016-02-01,2016,2,2016.125000,348.610000,101.610000
2016-03-01,2016,3,2016.208333,343.520000,98.340000
2016-04-01,2016,4,2016.291667,337.630000,95.900000
2016-05-01,2016,5,2016.375000,332.700000,96.540000
2016-06-01,2016,6,2016.458333,329.750000,94.700000
2016-07-01,2016,7,2016.541667,329.380000,93.060000
2016-08-01,2016,8,2016.625000,331.810000,92.000000
2016-09-01,2016,9,2016.708333,336.440000,93.560000
2016-10-01,2016,10,2016.791667,342.250000,99.260000
2016-11-01,2016,11,2016.875000,347.710000,104.550000
2016-12-01,2016,12,2016.958333,351.080000,106.990000
2017-01-01,2017,1,2017.041667,351.310000,103.750000
2017-02-01,2017,2,2017.125000,348.460000,100.110000
2017-03-01,2017,3,2017.208333,343.460000,97.690000
2017-04-01,2017,4,2017.291667,337.670000,95.640000
2017-05-01,2017,5,2017.375000,332.720000,96.430000
2017-06-01,2017,6,2017.458333,329.740000,95.180000
2017-07-01,2017,7,2017.541667,329.340000,92.750000
2017-08-01,2017,8,2017.625000,331.720000,92.530000
2017-09-01,2017,9,2017.708333,336.310000,93.940000
2017-10-01,2017,10,2017.791667,342.190000,100.090000
2017-11-01,2017,11,2017.875000,347.640000,105.590000
2017-12-01,2017,12,2017.958333,351.050000,107.910000
2018-01-01,2018,1,2018.041667,351.290000,105.150000
2018-02-01,2018,2,2018.125000,348.440000,102.190000
2018-03-01,2018,3,2018.208333,343.490000,98.380000
2018-04-01,2018,4,2018.291667,337.700000,95.470000
2018-05-01,2018,5,2018.375000,332.740000,96.220000
2018-06-01,2018,6,2018.458333,329.740000,95.910000
2018-07-01,2018,7,2018.541667,329.340000,93.480000
2018-08-01,2018,8,2018.625000,331.690000,92.510000
2018-09-01,2018,9,2018.708333,336.280000,93.040000
2018-10-01,2018,10,2018.791667,342.090000,98.820000
2018-11-01,2018,11,2018.875000,347.570000,104.660000
2018-12-01,2018,12,2018.958333,351.030000,106.450000
2019-01-01,2019,1,2019.041667,351.320000,105.120000
2019-02-01,2019,2,2019.125000,348.520000,100.690000
2019-03-01,2019,3,2019.208333,343.550000,97.260000
2019-04-01,2019,4,2019.291667,337.730000,96.030000
2019-05-01,2019,5,2019.375000,332.750000,95.830000
2019-06-01,2019,6,2019.458333,329.720000,95.320000
2019-07-01,2019,7,2019.541667,329.300000,92.680000
2019-08-01,2019,8,2019.625000,331.630000,91.690000
2019-09-01,2019,9,2019.708333,336.210000,92.630000
2019-10-01,2019,10,2019.791667,342.020000,97.860000
2019-11-01,2019,11,2019.875000,347.530000,104.420000
2019-12-01,2019,12,2019.958333,351.030000,106.350000
2020-01-01,2020,1,2020.041667,351.350000,105.500000
2020-02-01,2020,2,2020.125000,348.480000,101.050000
2020-03-01,2020,3,2020.208333,343.410000,97.370000
2020-04-01,2020,4,2020.291667,337.590000,95.420000
2020-05-01,2020,5,2020.375000,332.640000,95.520000
2020-06-01,2020,6,2020.458333,329.680000,94.820000
2020-07-01,2020,7,2020.541667,329.330000,93.300000
2020-08-01,2020,8,2020.625000,331.760000,91.100000
2020-09-01,2020,9,2020.708333,336.380000,93.590000
2020-10-01,2020,10,2020.791667,342.210000,100.030000
2020-11-01,2020,11,2020.875000,347.670000,105.240000
2020-12-01,2020,12,2020.958333,351.130000,108.000000
2021-01-01,2021,1,2021.041667,351.370000,105.680000
2021-02-01,2021,2,2021.125000,348.500000,100.980000
2021-03-01,2021,3,2021.208333,343.530000,97.430000
2021-04-01,2021,4,2021.291667,337.710000,96.090000
2021-05-01,2021,5,2021.375000,332.740000,96.530000
2021-06-01,2021,6,2021.458333,329.770000,94.510000
2021-07-01,2021,7,2021.541667,329.420000,93.330000
2021-08-01,2021,8,2021.625000,331.810000,91.330000
2021-09-01,2021,9,2021.708333,336.400000,93.380000
2021-10-01,2021,10,2021.791667,342.230000,98.710000
2021-11-01,2021,11,2021.875000,347.700000,104.430000
2021-12-01,2021,12,2021.958333,351.170000,107.510000
2022-01-01,2022,1,2022.041667,351.470000,104.820000
2022-02-01,2022,2,2022.125000,348.720000,100.500000
2022-03-01,2022,3,2022.208333,343.750000,97.800000
2022-04-01,2022,4,2022.291667,337.970000,96.100000
2022-05-01,2022,5,2022.375000,333.010000,96.790000
2022-06-01,2022,6,2022.458333,330.010000,94.290000
2022-07-01,2022,7,2022.541667,329.560000,93.420000
2022-08-01,2022,8,2022.625000,331.910000,91.810000
2022-09-01,2022,9,2022.708333,336.540000,93.330000
2022-10-01,2022,10,2022.791667,342.360000,98.950000
2022-11-01,2022,11,2022.875000,347.820000,104.690000
2022-12-01,2022,12,2022.958333,351.230000,106.240000
2023-01-01,2023,1,2023.041667,351.590000,103.860000
2023-02-01,2023,2,2023.125000,348.860000,100.440000
2023-03-01,2023,3,2023.208333,343.980000,96.840000
2023-04-01,2023,4,2023.291667,338.160000,95.440000
2023-05-01,2023,5,2023.375000,333.050000,96.280000
2023-06-01,2023,6,2023.458333,330.080000,94.120000
2023-07-01,2023,7,2023.541667,329.550000,91.940000
2023-08-01,2023,8,2023.625000,331.990000,90.040000
2023-09-01,2023,9,2023.708333,336.590000,91.850000
2023-10-01,2023,10,2023.791667,342.470000,97.710000
2023-11-01,2023,11,2023.875000,347.900000,104.120000
2023-12-01,2023,12,2023.958333,351.370000,106.340000
2024-01-01,2024,1,2024.041667,351.710000,104.890000
2024-02-01,2024,2,2024.125000,348.760000,100.830000
2024-03-01,2024,3,2024.208333,343.780000,97.850000
2024-04-01,2024,4,2024.291667,338.000000,95.850000
2024-05-01,2024,5,2024.375000,332.960000,96.440000
2024-06-01,2024,6,2024.458333,330.020000,94.760000
2024-07-01,2024,7,2024.541667,329.700000,93.170000
2024-08-01,2024,8,2024.625000,331.990000,90.930000
2024-09-01,2024,9,2024.708333,336.840000,92.650000
2024-10-01,2024,10,2024.791667,342.490000,98.520000
2024-11-01,2024,11,2024.875000,347.990000,104.150000
2024-12-01,2024,12,2024.958333,351.440000,106.670000
2025-01-01,2025,1,2025.041667,351.670000,103.200000
2025-02-01,2025,2,2025.125000,348.800000,100.140000
2025-03-01,2025,3,2025.208333,343.900000,96.540000
2025-04-01,2025,4,2025.291667,338.040000,95.850000
2025-05-01,2025,5,2025.375000,332.990000,96.450000
2025-06-01,2025,6,2025.458333,330.040000,94.760000
2025-07-01,2025,7,2025.541667,329.690000,92.670000
2025-08-01,2025,8,2025.625000,332.040000,90.940000
2025-09-01,2025,9,2025.708333,336.610000,92.360000
2025-10-01,2025,10,2025.791667,342.420000,98.520000
2025-11-01,2025,11,2025.875000,347.930000,103.890000
2025-12-01,2025,12,2025.958333,351.260000,106.010000
2026-01-01,2026,1,2026.041667,351.540000,103.500000
2026-02-01,2026,2,2026.125000,348.710000,99.310000
2026-03-01,2026,3,2026.208333,343.770000,96.970000
2026-04-01,2026,4,2026.291667,337.950000,95.240000
2026-05-01,2026,5,2026.375000,333.010000,96.560000
