date,year,month,decimal_year,SW_in,SW_in
2000-03-01,2000,3,2000.208333,,
2000-04-01,2000,4,2000.291667,,
2000-05-01,2000,5,2000.375000,,
2000-06-01,2000,6,2000.458333,,
2000-07-01,2000,7,2000.541667,,
2000-08-01,2000,8,2000.625000,,
2000-09-01,2000,9,2000.708333,,
2000-10-01,2000,10,2000.791667,,
2000-11-01,2000,11,2000.875000,,
2000-12-01,2000,12,2000.958333,,
2001-01-01,2001,1,2001.041667,,
2001-02-01,2001,2,2001.125000,340.330000,340.330000
2001-03-01,2001,3,2001.208333,340.578462,340.578462
2001-04-01,2001,4,2001.291667,340.376429,340.376429
2001-05-01,2001,5,2001.375000,339.876667,339.876667
2001-06-01,2001,6,2001.458333,339.251250,339.251250
2001-07-01,2001,7,2001.541667,338.682353,338.682353
2001-08-01,2001,8,2001.625000,338.306111,338.306111
2001-09-01,2001,9,2001.708333,338.208947,338.208947
2001-10-01,2001,10,2001.791667,338.418500,338.418500
2001-11-01,2001,11,2001.875000,338.865238,338.865238
2001-12-01,2001,12,2001.958333,339.430455,339.430455
2002-01-01,2002,1,2002.041667,339.962174,339.962174
2002-02-01,2002,2,2002.125000,340.330833,340.330833
2002-03-01,2002,3,2002.208333,340.469200,340.469200
2002-04-01,2002,4,2002.291667,340.368846,340.368846
2002-05-01,2002,5,2002.375000,340.092222,340.092222
2002-06-01,2002,6,2002.458333,339.729643,339.729643
2002-07-01,2002,7,2002.541667,339.374138,339.374138
2002-08-01,2002,8,2002.625000,339.122333,339.122333
2002-09-01,2002,9,2002.708333,339.036452,339.036452
2002-10-01,2002,10,2002.791667,339.137500,339.137500
2002-11-01,2002,11,2002.875000,339.397576,339.397576
2002-12-01,2002,12,2002.958333,339.747353,339.747353
2003-01-01,2003,1,2003.041667,340.084571,340.084571
2003-02-01,2003,2,2003.125000,340.324444,340.324444
2003-03-01,2003,3,2003.208333,340.413514,340.413514
2003-04-01,2003,4,2003.291667,340.345000,340.345000
2003-05-01,2003,5,2003.375000,340.152308,340.152308
2003-06-01,2003,6,2003.458333,339.892750,339.892750
2003-07-01,2003,7,2003.541667,339.636585,339.636585
2003-08-01,2003,8,2003.625000,339.449286,339.449286
2003-09-01,2003,9,2003.708333,339.378372,339.378372
2003-10-01,2003,10,2003.791667,339.437045,339.437045
2003-11-01,2003,11,2003.875000,339.618667,339.618667
2003-12-01,2003,12,2003.958333,339.869130,339.869130
2004-01-01,2004,1,2004.041667,340.114468,340.114468
2004-02-01,2004,2,2004.125000,340.289792,340.289792
2004-03-01,2004,3,2004.208333,340.289167,340.289167
2004-04-01,2004,4,2004.291667,340.287292,340.287292
2004-05-01,2004,5,2004.375000,340.285417,340.285417
2004-06-01,2004,6,2004.458333,340.282917,340.282917
2004-07-01,2004,7,2004.541667,340.278750,340.278750
2004-08-01,2004,8,2004.625000,340.273125,340.273125
2004-09-01,2004,9,2004.708333,340.271458,340.271458
2004-10-01,2004,10,2004.791667,340.266458,340.266458
2004-11-01,2004,11,2004.875000,340.261875,340.261875
2004-12-01,2004,12,2004.958333,340.257500,340.257500
2005-01-01,2005,1,2005.041667,340.251042,340.251042
2005-02-01,2005,2,2005.125000,340.245833,340.245833
2005-03-01,2005,3,2005.208333,340.243333,340.243333
2005-04-01,2005,4,2005.291667,340.240833,340.240833
2005-05-01,2005,5,2005.375000,340.236042,340.236042
2005-06-01,2005,6,2005.458333,340.231875,340.231875
2005-07-01,2005,7,2005.541667,340.226667,340.226667
2005-08-01,2005,8,2005.625000,340.223333,340.223333
2005-09-01,2005,9,2005.708333,340.221042,340.221042
2005-10-01,2005,10,2005.791667,340.217083,340.217083
2005-11-01,2005,11,2005.875000,340.213333,340.213333
2005-12-01,2005,12,2005.958333,340.208125,340.208125
2006-01-01,2006,1,2006.041667,340.200833,340.200833
2006-02-01,2006,2,2006.125000,340.193542,340.193542
2006-03-01,2006,3,2006.208333,340.186875,340.186875
2006-04-01,2006,4,2006.291667,340.183125,340.183125
2006-05-01,2006,5,2006.375000,340.180208,340.180208
2006-06-01,2006,6,2006.458333,340.175833,340.175833
2006-07-01,2006,7,2006.541667,340.173750,340.173750
2006-08-01,2006,8,2006.625000,340.170208,340.170208
2006-09-01,2006,9,2006.708333,340.166875,340.166875
2006-10-01,2006,10,2006.791667,340.163333,340.163333
2006-11-01,2006,11,2006.875000,340.159167,340.159167
2006-12-01,2006,12,2006.958333,340.152917,340.152917
2007-01-01,2007,1,2007.041667,340.147292,340.147292
2007-02-01,2007,2,2007.125000,340.141875,340.141875
2007-03-01,2007,3,2007.208333,340.140000,340.140000
2007-04-01,2007,4,2007.291667,340.137917,340.137917
2007-05-01,2007,5,2007.375000,340.135625,340.135625
2007-06-01,2007,6,2007.458333,340.134375,340.134375
2007-07-01,2007,7,2007.541667,340.131875,340.131875
2007-08-01,2007,8,2007.625000,340.128958,340.128958
2007-09-01,2007,9,2007.708333,340.124792,340.124792
2007-10-01,2007,10,2007.791667,340.126042,340.126042
2007-11-01,2007,11,2007.875000,340.123958,340.123958
2007-12-01,2007,12,2007.958333,340.121042,340.121042
2008-01-01,2008,1,2008.041667,340.119375,340.119375
2008-02-01,2008,2,2008.125000,340.117292,340.117292
2008-03-01,2008,3,2008.208333,340.115000,340.115000
2008-04-01,2008,4,2008.291667,340.112708,340.112708
2008-05-01,2008,5,2008.375000,340.111250,340.111250
2008-06-01,2008,6,2008.458333,340.109583,340.109583
2008-07-01,2008,7,2008.541667,340.109167,340.109167
2008-08-01,2008,8,2008.625000,340.107917,340.107917
2008-09-01,2008,9,2008.708333,340.105208,340.105208
2008-10-01,2008,10,2008.791667,340.102292,340.102292
2008-11-01,2008,11,2008.875000,340.100417,340.100417
2008-12-01,2008,12,2008.958333,340.097708,340.097708
2009-01-01,2009,1,2009.041667,340.097708,340.097708
2009-02-01,2009,2,2009.125000,340.096667,340.096667
2009-03-01,2009,3,2009.208333,340.095833,340.095833
2009-04-01,2009,4,2009.291667,340.095000,340.095000
2009-05-01,2009,5,2009.375000,340.095000,340.095000
2009-06-01,2009,6,2009.458333,340.094792,340.094792
2009-07-01,2009,7,2009.541667,340.094167,340.094167
2009-08-01,2009,8,2009.625000,340.092917,340.092917
2009-09-01,2009,9,2009.708333,340.091875,340.091875
2009-10-01,2009,10,2009.791667,340.089792,340.089792
2009-11-01,2009,11,2009.875000,340.088750,340.088750
2009-12-01,2009,12,2009.958333,340.087708,340.087708
2010-01-01,2010,1,2010.041667,340.086875,340.086875
2010-02-01,2010,2,2010.125000,340.087292,340.087292
2010-03-01,2010,3,2010.208333,340.088125,340.088125
2010-04-01,2010,4,2010.291667,340.089167,340.089167
2010-05-01,2010,5,2010.375000,340.088958,340.088958
2010-06-01,2010,6,2010.458333,340.088958,340.088958
2010-07-01,2010,7,2010.541667,340.089792,340.089792
2010-08-01,2010,8,2010.625000,340.091250,340.091250
2010-09-01,2010,9,2010.708333,340.091458,340.091458
2010-10-01,2010,10,2010.791667,340.091250,340.091250
2010-11-01,2010,11,2010.875000,340.092500,340.092500
2010-12-01,2010,12,2010.958333,340.093125,340.093125
2011-01-01,2011,1,2011.041667,340.093958,340.093958
2011-02-01,2011,2,2011.125000,340.095208,340.095208
2011-03-01,2011,3,2011.208333,340.096042,340.096042
2011-04-01,2011,4,2011.291667,340.098958,340.098958
2011-05-01,2011,5,2011.375000,340.101875,340.101875
2011-06-01,2011,6,2011.458333,340.104167,340.104167
2011-07-01,2011,7,2011.541667,340.105833,340.105833
2011-08-01,2011,8,2011.625000,340.107083,340.107083
2011-09-01,2011,9,2011.708333,340.108542,340.108542
2011-10-01,2011,10,2011.791667,340.110625,340.110625
2011-11-01,2011,11,2011.875000,340.113750,340.113750
2011-12-01,2011,12,2011.958333,340.117292,340.117292
2012-01-01,2012,1,2012.041667,340.120000,340.120000
2012-02-01,2012,2,2012.125000,340.123333,340.123333
2012-03-01,2012,3,2012.208333,340.126250,340.126250
2012-04-01,2012,4,2012.291667,340.129375,340.129375
2012-05-01,2012,5,2012.375000,340.131875,340.131875
2012-06-01,2012,6,2012.458333,340.134792,340.134792
2012-07-01,2012,7,2012.541667,340.136458,340.136458
2012-08-01,2012,8,2012.625000,340.140208,340.140208
2012-09-01,2012,9,2012.708333,340.144375,340.144375
2012-10-01,2012,10,2012.791667,340.147708,340.147708
2012-11-01,2012,11,2012.875000,340.151042,340.151042
2012-12-01,2012,12,2012.958333,340.154167,340.154167
2013-01-01,2013,1,2013.041667,340.156458,340.156458
2013-02-01,2013,2,2013.125000,340.158958,340.158958
2013-03-01,2013,3,2013.208333,340.161667,340.161667
2013-04-01,2013,4,2013.291667,340.163750,340.163750
2013-05-01,2013,5,2013.375000,340.166667,340.166667
2013-06-01,2013,6,2013.458333,340.170000,340.170000
2013-07-01,2013,7,2013.541667,340.173958,340.173958
2013-08-01,2013,8,2013.625000,340.177917,340.177917
2013-09-01,2013,9,2013.708333,340.182083,340.182083
2013-10-01,2013,10,2013.791667,340.184792,340.184792
2013-11-01,2013,11,2013.875000,340.187292,340.187292
2013-12-01,2013,12,2013.958333,340.191250,340.191250
2014-01-01,2014,1,2014.041667,340.193333,340.193333
2014-02-01,2014,2,2014.125000,340.193750,340.193750
2014-03-01,2014,3,2014.208333,340.198125,340.198125
2014-04-01,2014,4,2014.291667,340.201042,340.201042
2014-05-01,2014,5,2014.375000,340.203750,340.203750
2014-06-01,2014,6,2014.458333,340.206458,340.206458
2014-07-01,2014,7,2014.541667,340.208333,340.208333
2014-08-01,2014,8,2014.625000,340.211458,340.211458
2014-09-01,2014,9,2014.708333,340.214167,340.214167
2014-10-01,2014,10,2014.791667,340.215625,340.215625
2014-11-01,2014,11,2014.875000,340.218958,340.218958
2014-12-01,2014,12,2014.958333,340.222500,340.222500
2015-01-01,2015,1,2015.041667,340.226458,340.226458
2015-02-01,2015,2,2015.125000,340.232083,340.232083
2015-03-01,2015,3,2015.208333,340.236458,340.236458
2015-04-01,2015,4,2015.291667,340.238958,340.238958
2015-05-01,2015,5,2015.375000,340.240417,340.240417
2015-06-01,2015,6,2015.458333,340.241458,340.241458
2015-07-01,2015,7,2015.541667,340.244375,340.244375
2015-08-01,2015,8,2015.625000,340.245833,340.245833
2015-09-01,2015,9,2015.708333,340.247083,340.247083
2015-10-01,2015,10,2015.791667,340.248542,340.248542
2015-11-01,2015,11,2015.875000,340.249167,340.249167
2015-12-01,2015,12,2015.958333,340.248750,340.248750
2016-01-01,2016,1,2016.041667,340.249167,340.249167
2016-02-01,2016,2,2016.125000,340.249583,340.249583
2016-03-01,2016,3,2016.208333,340.250417,340.250417
2016-04-01,2016,4,2016.291667,340.248958,340.248958
2016-05-01,2016,5,2016.375000,340.248542,340.248542
2016-06-01,2016,6,2016.458333,340.248333,340.248333
2016-07-01,2016,7,2016.541667,340.248750,340.248750
2016-08-01,2016,8,2016.625000,340.247292,340.247292
2016-09-01,2016,9,2016.708333,340.245417,340.245417
2016-10-01,2016,10,2016.791667,340.244167,340.244167
2016-11-01,2016,11,2016.875000,340.242708,340.242708
2016-12-01,2016,12,2016.958333,340.240625,340.240625
2017-01-01,2017,1,2017.041667,340.239583,340.239583
2017-02-01,2017,2,2017.125000,340.238542,340.238542
2017-03-01,2017,3,2017.208333,340.237083,340.237083
2017-04-01,2017,4,2017.291667,340.236667,340.236667
2017-05-01,2017,5,2017.375000,340.235208,340.235208
2017-06-01,2017,6,2017.458333,340.233542,340.233542
2017-07-01,2017,7,2017.541667,340.230417,340.230417
2017-08-01,2017,8,2017.625000,340.227083,340.227083
2017-09-01,2017,9,2017.708333,340.223125,340.223125
2017-10-01,2017,10,2017.791667,340.222083,340.222083
2017-11-01,2017,11,2017.875000,340.221042,340.221042
2017-12-01,2017,12,2017.958333,340.218125,340.218125
2018-01-01,2018,1,2018.041667,340.216458,340.216458
2018-02-01,2018,2,2018.125000,340.215208,340.215208
2018-03-01,2018,3,2018.208333,340.210417,340.210417
2018-04-01,2018,4,2018.291667,340.206875,340.206875
2018-05-01,2018,5,2018.375000,340.203958,340.203958
2018-06-01,2018,6,2018.458333,340.201458,340.201458
2018-07-01,2018,7,2018.541667,340.199167,340.199167
2018-08-01,2018,8,2018.625000,340.195417,340.195417
2018-09-01,2018,9,2018.708333,340.192083,340.192083
2018-10-01,2018,10,2018.791667,340.190625,340.190625
2018-11-01,2018,11,2018.875000,340.187083,340.187083
2018-12-01,2018,12,2018.958333,340.183750,340.183750
2019-01-01,2019,1,2019.041667,340.179792,340.179792
2019-02-01,2019,2,2019.125000,340.174167,340.174167
2019-03-01,2019,3,2019.208333,340.169375,340.169375
2019-04-01,2019,4,2019.291667,340.164375,340.164375
2019-05-01,2019,5,2019.375000,340.160625,340.160625
2019-06-01,2019,6,2019.458333,340.157500,340.157500
2019-07-01,2019,7,2019.541667,340.153542,340.153542
2019-08-01,2019,8,2019.625000,340.150833,340.150833
2019-09-01,2019,9,2019.708333,340.148333,340.148333
2019-10-01,2019,10,2019.791667,340.144792,340.144792
2019-11-01,2019,11,2019.875000,340.141458,340.141458
2019-12-01,2019,12,2019.958333,340.138958,340.138958
2020-01-01,2020,1,2020.041667,340.136458,340.136458
2020-02-01,2020,2,2020.125000,340.133750,340.133750
2020-03-01,2020,3,2020.208333,340.131458,340.131458
2020-04-01,2020,4,2020.291667,340.130625,340.130625
2020-05-01,2020,5,2020.375000,340.129375,340.129375
2020-06-01,2020,6,2020.458333,340.127917,340.127917
2020-07-01,2020,7,2020.541667,340.126875,340.126875
2020-08-01,2020,8,2020.625000,340.125833,340.125833
2020-09-01,2020,9,2020.708333,340.124583,340.124583
2020-10-01,2020,10,2020.791667,340.123750,340.123750
2020-11-01,2020,11,2020.875000,340.122917,340.122917
2020-12-01,2020,12,2020.958333,340.123958,340.123958
2021-01-01,2021,1,2021.041667,340.125208,340.125208
2021-02-01,2021,2,2021.125000,340.126042,340.126042
2021-03-01,2021,3,2021.208333,340.127500,340.127500
2021-04-01,2021,4,2021.291667,340.128333,340.128333
2021-05-01,2021,5,2021.375000,340.128750,340.128750
2021-06-01,2021,6,2021.458333,340.129375,340.129375
2021-07-01,2021,7,2021.541667,340.131042,340.131042
2021-08-01,2021,8,2021.625000,340.132917,340.132917
2021-09-01,2021,9,2021.708333,340.134792,340.134792
2021-10-01,2021,10,2021.791667,340.135625,340.135625
2021-11-01,2021,11,2021.875000,340.136875,340.136875
2021-12-01,2021,12,2021.958333,340.139375,340.139375
2022-01-01,2022,1,2022.041667,340.143125,340.143125
2022-02-01,2022,2,2022.125000,340.148958,340.148958
2022-03-01,2022,3,2022.208333,340.154375,340.154375
2022-04-01,2022,4,2022.291667,340.160000,340.160000
2022-05-01,2022,5,2022.375000,340.165625,340.165625
2022-06-01,2022,6,2022.458333,340.171250,340.171250
2022-07-01,2022,7,2022.541667,340.175833,340.175833
2022-08-01,2022,8,2022.625000,340.180417,340.180417
2022-09-01,2022,9,2022.708333,340.185833,340.185833
2022-10-01,2022,10,2022.791667,340.191458,340.191458
2022-11-01,2022,11,2022.875000,340.196667,340.196667
2022-12-01,2022,12,2022.958333,340.200833,340.200833
2023-01-01,2023,1,2023.041667,340.206458,340.206458
2023-02-01,2023,2,2023.125000,340.213542,340.213542
2023-03-01,2023,3,2023.208333,340.222500,340.222500
2023-04-01,2023,4,2023.291667,340.231458,340.231458
2023-05-01,2023,5,2023.375000,340.237708,340.237708
2023-06-01,2023,6,2023.458333,340.245208,340.245208
2023-07-01,2023,7,2023.541667,340.250417,340.250417
2023-08-01,2023,8,2023.625000,340.257917,340.257917
2023-09-01,2023,9,2023.708333,340.265833,340.265833
2023-10-01,2023,10,2023.791667,340.275208,340.275208
2023-11-01,2023,11,2023.875000,340.282917,340.282917
2023-12-01,2023,12,2023.958333,340.290000,340.290000
2024-01-01,2024,1,2024.041667,340.297500,340.297500
2024-02-01,2024,2,2024.125000,340.303333,340.303333
2024-03-01,2024,3,2024.208333,340.311042,340.311042
2024-04-01,2024,4,2024.291667,340.319583,340.319583
2024-05-01,2024,5,2024.375000,340.326250,340.326250
2024-06-01,2024,6,2024.458333,340.333333,340.333333
2024-07-01,2024,7,2024.541667,340.341042,340.341042
2024-08-01,2024,8,2024.625000,340.345833,340.345833
2024-09-01,2024,9,2024.708333,340.355417,340.355417
2024-10-01,2024,10,2024.791667,340.361250,340.361250
2024-11-01,2024,11,2024.875000,340.367917,340.367917
2024-12-01,2024,12,2024.958333,340.374375,340.374375
2025-01-01,2025,1,2025.041667,340.380625,340.380625
2025-02-01,2025,2,2025.125000,340.386875,340.386875
2025-03-01,2025,3,2025.208333,340.394583,340.394583
2025-04-01,2025,4,2025.291667,340.401458,340.401458
2025-05-01,2025,5,2025.375000,340.406667,340.406667
2025-06-01,2025,6,2025.458333,340.412292,340.412292
2025-07-01,2025,7,2025.541667,340.417917,340.417917
2025-08-01,2025,8,2025.625000,340.422708,340.422708
2025-09-01,2025,9,2025.708333,340.427083,340.427083
2025-10-01,2025,10,2025.791667,340.431042,340.431042
2025-11-01,2025,11,2025.875000,340.435833,340.435833
2025-12-01,2025,12,2025.958333,340.437708,340.437708
2026-01-01,2026,1,2026.041667,340.439167,340.439167
2026-02-01,2026,2,2026.125000,340.438958,340.438958
2026-03-01,2026,3,2026.208333,340.439375,340.439375
2026-04-01,2026,4,2026.291667,340.438958,340.438958
2026-05-01,2026,5,2026.375000,340.438958,340.438958
2026-06-01,2026,6,2026.458333,340.438333,340.438333
2026-07-01,2026,7,2026.541667,340.438750,340.438750
