date,year,month,decimal_year,EEI,OLR,OLR,OLR_EEI
2000-03-01,2000,3,2000.208333,,,,0.000000
2000-04-01,2000,4,2000.291667,,,,0.000000
2000-05-01,2000,5,2000.375000,,,,0.000000
2000-06-01,2000,6,2000.458333,,,,0.000000
2000-07-01,2000,7,2000.541667,,,,0.000000
2000-08-01,2000,8,2000.625000,,,,0.000000
2000-09-01,2000,9,2000.708333,,,,0.000000
2000-10-01,2000,10,2000.791667,,,,0.000000
2000-11-01,2000,11,2000.875000,,,,0.000000
2000-12-01,2000,12,2000.958333,,,,0.000000
2001-01-01,2001,1,2001.041667,,,,0.000000
2001-02-01,2001,2,2001.125000,0.623333,239.782500,239.782500,240.405833
2001-03-01,2001,3,2001.208333,1.155385,239.563077,239.563077,240.718462
2001-04-01,2001,4,2001.291667,1.144286,239.470714,239.470714,240.615000
2001-05-01,2001,5,2001.375000,0.660667,239.578667,239.578667,240.239334
2001-06-01,2001,6,2001.458333,0.011250,239.787500,239.787500,239.798750
2001-07-01,2001,7,2001.541667,-0.499412,240.055882,240.055882,239.556470
2001-08-01,2001,8,2001.625000,-0.810556,240.312222,240.312222,239.501666
2001-09-01,2001,9,2001.708333,-0.767368,240.400526,240.400526,239.633158
2001-10-01,2001,10,2001.791667,-0.674000,240.366000,240.366000,239.692000
2001-11-01,2001,11,2001.875000,-0.471905,240.272381,240.272381,239.800476
2001-12-01,2001,12,2001.958333,-0.215909,240.136364,240.136364,239.920455
2002-01-01,2002,1,2002.041667,0.133478,240.010000,240.010000,240.143478
2002-02-01,2002,2,2002.125000,0.462917,239.926667,239.926667,240.389584
2002-03-01,2002,3,2002.208333,0.704400,239.853600,239.853600,240.558000
2002-04-01,2002,4,2002.291667,0.704231,239.831538,239.831538,240.535769
2002-05-01,2002,5,2002.375000,0.471852,239.903704,239.903704,240.375556
2002-06-01,2002,6,2002.458333,0.093929,240.021786,240.021786,240.115715
2002-07-01,2002,7,2002.541667,-0.260000,240.191724,240.191724,239.931724
2002-08-01,2002,8,2002.625000,-0.470667,240.338000,240.338000,239.867333
2002-09-01,2002,9,2002.708333,-0.493226,240.429032,240.429032,239.935806
2002-10-01,2002,10,2002.791667,-0.396875,240.416875,240.416875,240.020000
2002-11-01,2002,11,2002.875000,-0.278182,240.340000,240.340000,240.061818
2002-12-01,2002,12,2002.958333,-0.092059,240.239118,240.239118,240.147059
2003-01-01,2003,1,2003.041667,0.128286,240.174000,240.174000,240.302286
2003-02-01,2003,2,2003.125000,0.370556,240.115833,240.115833,240.486389
2003-03-01,2003,3,2003.208333,0.533784,240.133611,240.133611,240.667395
2003-04-01,2003,4,2003.291667,0.553684,240.161111,240.161111,240.714795
2003-05-01,2003,5,2003.375000,0.385385,240.166944,240.166944,240.552329
2003-06-01,2003,6,2003.458333,0.139750,240.167222,240.167222,240.306972
2003-07-01,2003,7,2003.541667,-0.080976,240.185833,240.185833,240.104857
2003-08-01,2003,8,2003.625000,-0.191429,240.202500,240.202500,240.011071
2003-09-01,2003,9,2003.708333,-0.200698,240.218889,240.218889,240.018191
2003-10-01,2003,10,2003.791667,-0.160000,240.268889,240.268889,240.108889
2003-11-01,2003,11,2003.875000,-0.073111,240.295000,240.295000,240.221889
2003-12-01,2003,12,2003.958333,0.059130,240.310556,240.310556,240.369686
2004-01-01,2004,1,2004.041667,0.241702,240.307500,240.307500,240.549202
2004-02-01,2004,2,2004.125000,0.426042,240.341667,240.341667,240.767709
2004-03-01,2004,3,2004.208333,0.417917,240.371389,240.371389,240.789306
2004-04-01,2004,4,2004.291667,0.426875,240.388611,240.388611,240.815486
2004-05-01,2004,5,2004.375000,0.415417,240.376389,240.376389,240.791806
2004-06-01,2004,6,2004.458333,0.410000,240.386944,240.386944,240.796944
2004-07-01,2004,7,2004.541667,0.427917,240.371389,240.371389,240.799306
2004-08-01,2004,8,2004.625000,0.428125,240.362778,240.362778,240.790903
2004-09-01,2004,9,2004.708333,0.446042,240.377222,240.377222,240.823264
2004-10-01,2004,10,2004.791667,0.439792,240.399167,240.399167,240.838959
2004-11-01,2004,11,2004.875000,0.440417,240.384167,240.384167,240.824584
2004-12-01,2004,12,2004.958333,0.465000,240.366944,240.366944,240.831944
2005-01-01,2005,1,2005.041667,0.428750,240.376111,240.376111,240.804861
2005-02-01,2005,2,2005.125000,0.404792,240.383056,240.383056,240.787848
2005-03-01,2005,3,2005.208333,0.385417,240.382778,240.382778,240.768195
2005-04-01,2005,4,2005.291667,0.387917,240.381111,240.381111,240.769028
2005-05-01,2005,5,2005.375000,0.425208,240.331667,240.331667,240.756875
2005-06-01,2005,6,2005.458333,0.421458,240.328611,240.328611,240.750069
2005-07-01,2005,7,2005.541667,0.396875,240.324167,240.324167,240.721042
2005-08-01,2005,8,2005.625000,0.400208,240.322500,240.322500,240.722708
2005-09-01,2005,9,2005.708333,0.386250,240.312500,240.312500,240.698750
2005-10-01,2005,10,2005.791667,0.394375,240.328611,240.328611,240.722986
2005-11-01,2005,11,2005.875000,0.394375,240.341667,240.341667,240.736042
2005-12-01,2005,12,2005.958333,0.432708,240.353333,240.353333,240.786041
2006-01-01,2006,1,2006.041667,0.456875,240.308889,240.308889,240.765764
2006-02-01,2006,2,2006.125000,0.480833,240.283333,240.283333,240.764166
2006-03-01,2006,3,2006.208333,0.482917,240.258333,240.258333,240.741250
2006-04-01,2006,4,2006.291667,0.518333,240.231944,240.231944,240.750277
2006-05-01,2006,5,2006.375000,0.546250,240.210000,240.210000,240.756250
2006-06-01,2006,6,2006.458333,0.565208,240.216944,240.216944,240.782152
2006-07-01,2006,7,2006.541667,0.582708,240.223333,240.223333,240.806041
2006-08-01,2006,8,2006.625000,0.598750,240.235000,240.235000,240.833750
2006-09-01,2006,9,2006.708333,0.612917,240.237778,240.237778,240.850695
2006-10-01,2006,10,2006.791667,0.584375,240.220278,240.220278,240.804653
2006-11-01,2006,11,2006.875000,0.601458,240.218611,240.218611,240.820069
2006-12-01,2006,12,2006.958333,0.602292,240.203333,240.203333,240.805625
2007-01-01,2007,1,2007.041667,0.587708,240.242500,240.242500,240.830208
2007-02-01,2007,2,2007.125000,0.581458,240.251667,240.251667,240.833125
2007-03-01,2007,3,2007.208333,0.570417,240.275000,240.275000,240.845417
2007-04-01,2007,4,2007.291667,0.583333,240.285556,240.285556,240.868889
2007-05-01,2007,5,2007.375000,0.591458,240.296944,240.296944,240.888402
2007-06-01,2007,6,2007.458333,0.606875,240.270556,240.270556,240.877431
2007-07-01,2007,7,2007.541667,0.607917,240.288611,240.288611,240.896528
2007-08-01,2007,8,2007.625000,0.587292,240.288889,240.288889,240.876181
2007-09-01,2007,9,2007.708333,0.562917,240.310556,240.310556,240.873473
2007-10-01,2007,10,2007.791667,0.563958,240.317778,240.317778,240.881736
2007-11-01,2007,11,2007.875000,0.549583,240.331111,240.331111,240.880694
2007-12-01,2007,12,2007.958333,0.529792,240.341667,240.341667,240.871459
2008-01-01,2008,1,2008.041667,0.528125,240.303889,240.303889,240.832014
2008-02-01,2008,2,2008.125000,0.513958,240.288333,240.288333,240.802291
2008-03-01,2008,3,2008.208333,0.555417,240.287500,240.287500,240.842917
2008-04-01,2008,4,2008.291667,0.543542,240.271389,240.271389,240.814931
2008-05-01,2008,5,2008.375000,0.591875,240.281667,240.281667,240.873542
2008-06-01,2008,6,2008.458333,0.630625,240.266111,240.266111,240.896736
2008-07-01,2008,7,2008.541667,0.625625,240.252222,240.252222,240.877847
2008-08-01,2008,8,2008.625000,0.653333,240.225278,240.225278,240.878611
2008-09-01,2008,9,2008.708333,0.639375,240.202778,240.202778,240.842153
2008-10-01,2008,10,2008.791667,0.666458,240.181944,240.181944,240.848402
2008-11-01,2008,11,2008.875000,0.652708,240.169167,240.169167,240.821875
2008-12-01,2008,12,2008.958333,0.655833,240.149167,240.149167,240.805000
2009-01-01,2009,1,2009.041667,0.669167,240.162778,240.162778,240.831945
2009-02-01,2009,2,2009.125000,0.699792,240.168611,240.168611,240.868403
2009-03-01,2009,3,2009.208333,0.716875,240.145833,240.145833,240.862708
2009-04-01,2009,4,2009.291667,0.732917,240.170556,240.170556,240.903473
2009-05-01,2009,5,2009.375000,0.731250,240.182500,240.182500,240.913750
2009-06-01,2009,6,2009.458333,0.780833,240.140556,240.140556,240.921389
2009-07-01,2009,7,2009.541667,0.802083,240.123056,240.123056,240.925139
2009-08-01,2009,8,2009.625000,0.820833,240.120556,240.120556,240.941389
2009-09-01,2009,9,2009.708333,0.805625,240.115278,240.115278,240.920903
2009-10-01,2009,10,2009.791667,0.806667,240.126111,240.126111,240.932778
2009-11-01,2009,11,2009.875000,0.793333,240.129722,240.129722,240.923055
2009-12-01,2009,12,2009.958333,0.777917,240.121944,240.121944,240.899861
2010-01-01,2010,1,2010.041667,0.729583,240.118611,240.118611,240.848194
2010-02-01,2010,2,2010.125000,0.706458,240.105833,240.105833,240.812291
2010-03-01,2010,3,2010.208333,0.686250,240.110000,240.110000,240.796250
2010-04-01,2010,4,2010.291667,0.679583,240.092778,240.092778,240.772361
2010-05-01,2010,5,2010.375000,0.643750,240.095833,240.095833,240.739583
2010-06-01,2010,6,2010.458333,0.632708,240.112222,240.112222,240.744930
2010-07-01,2010,7,2010.541667,0.632292,240.101944,240.101944,240.734236
2010-08-01,2010,8,2010.625000,0.627292,240.108889,240.108889,240.736181
2010-09-01,2010,9,2010.708333,0.617708,240.093333,240.093333,240.711041
2010-10-01,2010,10,2010.791667,0.623750,240.078611,240.078611,240.702361
2010-11-01,2010,11,2010.875000,0.588542,240.088611,240.088611,240.677153
2010-12-01,2010,12,2010.958333,0.579583,240.093333,240.093333,240.672916
2011-01-01,2011,1,2011.041667,0.614167,240.105833,240.105833,240.720000
2011-02-01,2011,2,2011.125000,0.612917,240.112222,240.112222,240.725139
2011-03-01,2011,3,2011.208333,0.633333,240.124167,240.124167,240.757500
2011-04-01,2011,4,2011.291667,0.643542,240.118056,240.118056,240.761598
2011-05-01,2011,5,2011.375000,0.671667,240.096667,240.096667,240.768334
2011-06-01,2011,6,2011.458333,0.655208,240.092500,240.092500,240.747708
2011-07-01,2011,7,2011.541667,0.652708,240.100833,240.100833,240.753541
2011-08-01,2011,8,2011.625000,0.659583,240.136944,240.136944,240.796527
2011-09-01,2011,9,2011.708333,0.667917,240.186944,240.186944,240.854861
2011-10-01,2011,10,2011.791667,0.698125,240.186667,240.186667,240.884792
2011-11-01,2011,11,2011.875000,0.717292,240.179722,240.179722,240.897014
2011-12-01,2011,12,2011.958333,0.711875,240.191944,240.191944,240.903819
2012-01-01,2012,1,2012.041667,0.715625,240.200556,240.200556,240.916181
2012-02-01,2012,2,2012.125000,0.762708,240.181389,240.181389,240.944097
2012-03-01,2012,3,2012.208333,0.744792,240.194167,240.194167,240.938959
2012-04-01,2012,4,2012.291667,0.761042,240.169444,240.169444,240.930486
2012-05-01,2012,5,2012.375000,0.760208,240.169722,240.169722,240.929930
2012-06-01,2012,6,2012.458333,0.757917,240.207500,240.207500,240.965417
2012-07-01,2012,7,2012.541667,0.755625,240.191389,240.191389,240.947014
2012-08-01,2012,8,2012.625000,0.741875,240.173889,240.173889,240.915764
2012-09-01,2012,9,2012.708333,0.742917,240.180556,240.180556,240.923473
2012-10-01,2012,10,2012.791667,0.742083,240.187222,240.187222,240.929305
2012-11-01,2012,11,2012.875000,0.763958,240.168611,240.168611,240.932569
2012-12-01,2012,12,2012.958333,0.758125,240.158611,240.158611,240.916736
2013-01-01,2013,1,2013.041667,0.718542,240.153333,240.153333,240.871875
2013-02-01,2013,2,2013.125000,0.701667,240.154722,240.154722,240.856389
2013-03-01,2013,3,2013.208333,0.699792,240.118056,240.118056,240.817848
2013-04-01,2013,4,2013.291667,0.687500,240.126944,240.126944,240.814444
2013-05-01,2013,5,2013.375000,0.679167,240.105833,240.105833,240.785000
2013-06-01,2013,6,2013.458333,0.636042,240.102500,240.102500,240.738542
2013-07-01,2013,7,2013.541667,0.645833,240.088333,240.088333,240.734166
2013-08-01,2013,8,2013.625000,0.647917,240.086667,240.086667,240.734584
2013-09-01,2013,9,2013.708333,0.660417,240.086944,240.086944,240.747361
2013-10-01,2013,10,2013.791667,0.660833,240.104444,240.104444,240.765277
2013-11-01,2013,11,2013.875000,0.680625,240.079167,240.079167,240.759792
2013-12-01,2013,12,2013.958333,0.679375,240.082222,240.082222,240.761597
2014-01-01,2014,1,2014.041667,0.704167,240.108611,240.108611,240.812778
2014-02-01,2014,2,2014.125000,0.711875,240.110556,240.110556,240.822431
2014-03-01,2014,3,2014.208333,0.741458,240.110278,240.110278,240.851736
2014-04-01,2014,4,2014.291667,0.748125,240.118056,240.118056,240.866181
2014-05-01,2014,5,2014.375000,0.782500,240.136111,240.136111,240.918611
2014-06-01,2014,6,2014.458333,0.785833,240.155556,240.155556,240.941389
2014-07-01,2014,7,2014.541667,0.785208,240.155833,240.155833,240.941041
2014-08-01,2014,8,2014.625000,0.823542,240.143333,240.143333,240.966875
2014-09-01,2014,9,2014.708333,0.839583,240.114167,240.114167,240.953750
2014-10-01,2014,10,2014.791667,0.854583,240.138611,240.138611,240.993194
2014-11-01,2014,11,2014.875000,0.884792,240.149167,240.149167,241.033959
2014-12-01,2014,12,2014.958333,0.888750,240.148333,240.148333,241.037083
2015-01-01,2015,1,2015.041667,0.864375,240.179167,240.179167,241.043542
2015-02-01,2015,2,2015.125000,0.879375,240.221389,240.221389,241.100764
2015-03-01,2015,3,2015.208333,0.884375,240.234722,240.234722,241.119097
2015-04-01,2015,4,2015.291667,0.882708,240.264444,240.264444,241.147152
2015-05-01,2015,5,2015.375000,0.882083,240.268889,240.268889,241.150972
2015-06-01,2015,6,2015.458333,0.894375,240.257778,240.257778,241.152153
2015-07-01,2015,7,2015.541667,0.913750,240.280278,240.280278,241.194028
2015-08-01,2015,8,2015.625000,0.938125,240.295278,240.295278,241.233403
2015-09-01,2015,9,2015.708333,0.970833,240.298333,240.298333,241.269166
2015-10-01,2015,10,2015.791667,0.954167,240.309167,240.309167,241.263334
2015-11-01,2015,11,2015.875000,0.952500,240.330556,240.330556,241.283056
2015-12-01,2015,12,2015.958333,0.980000,240.363333,240.363333,241.343333
2016-01-01,2016,1,2016.041667,0.964583,240.364722,240.364722,241.329305
2016-02-01,2016,2,2016.125000,0.894583,240.411667,240.411667,241.306250
2016-03-01,2016,3,2016.208333,0.886667,240.444444,240.444444,241.331111
2016-04-01,2016,4,2016.291667,0.863958,240.480000,240.480000,241.343958
2016-05-01,2016,5,2016.375000,0.849583,240.497778,240.497778,241.347361
2016-06-01,2016,6,2016.458333,0.874792,240.491111,240.491111,241.365903
2016-07-01,2016,7,2016.541667,0.875000,240.517500,240.517500,241.392500
2016-08-01,2016,8,2016.625000,0.872708,240.514167,240.514167,241.386875
2016-09-01,2016,9,2016.708333,0.881458,240.524722,240.524722,241.406180
2016-10-01,2016,10,2016.791667,0.869375,240.527222,240.527222,241.396597
2016-11-01,2016,11,2016.875000,0.874583,240.542500,240.542500,241.417083
2016-12-01,2016,12,2016.958333,0.870625,240.540000,240.540000,241.410625
2017-01-01,2017,1,2017.041667,0.922708,240.559167,240.559167,241.481875
2017-02-01,2017,2,2017.125000,0.948333,240.576944,240.576944,241.525277
2017-03-01,2017,3,2017.208333,0.946458,240.577778,240.577778,241.524236
2017-04-01,2017,4,2017.291667,0.959583,240.616667,240.616667,241.576250
2017-05-01,2017,5,2017.375000,0.951042,240.651389,240.651389,241.602431
2017-06-01,2017,6,2017.458333,0.975208,240.648611,240.648611,241.623819
2017-07-01,2017,7,2017.541667,0.980625,240.651111,240.651111,241.631736
2017-08-01,2017,8,2017.625000,0.977917,240.647500,240.647500,241.625417
2017-09-01,2017,9,2017.708333,0.972708,240.666111,240.666111,241.638819
2017-10-01,2017,10,2017.791667,0.968542,240.666111,240.666111,241.634653
2017-11-01,2017,11,2017.875000,0.971250,240.666667,240.666667,241.637917
2017-12-01,2017,12,2017.958333,0.960833,240.678333,240.678333,241.639166
2018-01-01,2018,1,2018.041667,0.981667,240.651111,240.651111,241.632778
2018-02-01,2018,2,2018.125000,0.996458,240.620278,240.620278,241.616736
2018-03-01,2018,3,2018.208333,0.989375,240.628056,240.628056,241.617431
2018-04-01,2018,4,2018.291667,1.001667,240.630556,240.630556,241.632223
2018-05-01,2018,5,2018.375000,0.999375,240.635000,240.635000,241.634375
2018-06-01,2018,6,2018.458333,0.999792,240.647222,240.647222,241.647014
2018-07-01,2018,7,2018.541667,1.017292,240.644722,240.644722,241.662014
2018-08-01,2018,8,2018.625000,1.005000,240.630556,240.630556,241.635556
2018-09-01,2018,9,2018.708333,1.017500,240.623056,240.623056,241.640556
2018-10-01,2018,10,2018.791667,1.033125,240.599167,240.599167,241.632292
2018-11-01,2018,11,2018.875000,1.054375,240.583333,240.583333,241.637708
2018-12-01,2018,12,2018.958333,1.088125,240.569167,240.569167,241.657292
2019-01-01,2019,1,2019.041667,1.114167,240.553333,240.553333,241.667500
2019-02-01,2019,2,2019.125000,1.119167,240.516667,240.516667,241.635834
2019-03-01,2019,3,2019.208333,1.124375,240.519167,240.519167,241.643542
2019-04-01,2019,4,2019.291667,1.121667,240.498611,240.498611,241.620278
2019-05-01,2019,5,2019.375000,1.119375,240.506389,240.506389,241.625764
2019-06-01,2019,6,2019.458333,1.129792,240.512778,240.512778,241.642570
2019-07-01,2019,7,2019.541667,1.127292,240.520556,240.520556,241.647848
2019-08-01,2019,8,2019.625000,1.111458,240.533611,240.533611,241.645069
2019-09-01,2019,9,2019.708333,1.107500,240.545833,240.545833,241.653333
2019-10-01,2019,10,2019.791667,1.132500,240.537778,240.537778,241.670278
2019-11-01,2019,11,2019.875000,1.150208,240.538611,240.538611,241.688819
2019-12-01,2019,12,2019.958333,1.152917,240.571667,240.571667,241.724584
2020-01-01,2020,1,2020.041667,1.156667,240.554722,240.554722,241.711389
2020-02-01,2020,2,2020.125000,1.179583,240.565278,240.565278,241.744861
2020-03-01,2020,3,2020.208333,1.194167,240.579444,240.579444,241.773611
2020-04-01,2020,4,2020.291667,1.213333,240.570278,240.570278,241.783611
2020-05-01,2020,5,2020.375000,1.216458,240.580278,240.580278,241.796736
2020-06-01,2020,6,2020.458333,1.188333,240.601111,240.601111,241.789444
2020-07-01,2020,7,2020.541667,1.183333,240.594722,240.594722,241.778055
2020-08-01,2020,8,2020.625000,1.192500,240.611111,240.611111,241.803611
2020-09-01,2020,9,2020.708333,1.182917,240.613333,240.613333,241.796250
2020-10-01,2020,10,2020.791667,1.170208,240.613611,240.613611,241.783819
2020-11-01,2020,11,2020.875000,1.132708,240.651667,240.651667,241.784375
2020-12-01,2020,12,2020.958333,1.099792,240.662778,240.662778,241.762570
2021-01-01,2021,1,2021.041667,1.076667,240.669444,240.669444,241.746111
2021-02-01,2021,2,2021.125000,1.059583,240.712222,240.712222,241.771805
2021-03-01,2021,3,2021.208333,1.068750,240.712500,240.712500,241.781250
2021-04-01,2021,4,2021.291667,1.090208,240.696389,240.696389,241.786597
2021-05-01,2021,5,2021.375000,1.107708,240.686111,240.686111,241.793819
2021-06-01,2021,6,2021.458333,1.131667,240.662778,240.662778,241.794445
2021-07-01,2021,7,2021.541667,1.133333,240.654444,240.654444,241.787777
2021-08-01,2021,8,2021.625000,1.152917,240.671667,240.671667,241.824584
2021-09-01,2021,9,2021.708333,1.183125,240.665833,240.665833,241.848958
2021-10-01,2021,10,2021.791667,1.208125,240.684444,240.684444,241.892569
2021-11-01,2021,11,2021.875000,1.228750,240.697778,240.697778,241.926528
2021-12-01,2021,12,2021.958333,1.240208,240.705833,240.705833,241.946041
2022-01-01,2022,1,2022.041667,1.248542,240.701944,240.701944,241.950486
2022-02-01,2022,2,2022.125000,1.254375,240.713333,240.713333,241.967708
2022-03-01,2022,3,2022.208333,1.268333,240.703056,240.703056,241.971389
2022-04-01,2022,4,2022.291667,1.243333,240.718889,240.718889,241.962222
2022-05-01,2022,5,2022.375000,1.225208,240.723611,240.723611,241.948819
2022-06-01,2022,6,2022.458333,1.270208,240.731667,240.731667,242.001875
2022-07-01,2022,7,2022.541667,1.267708,240.731667,240.731667,241.999375
2022-08-01,2022,8,2022.625000,1.287292,240.705278,240.705278,241.992570
2022-09-01,2022,9,2022.708333,1.283542,240.688611,240.688611,241.972153
2022-10-01,2022,10,2022.791667,1.278542,240.688889,240.688889,241.967431
2022-11-01,2022,11,2022.875000,1.268958,240.691667,240.691667,241.960625
2022-12-01,2022,12,2022.958333,1.273542,240.660278,240.660278,241.933820
2023-01-01,2023,1,2023.041667,1.292292,240.673889,240.673889,241.966181
2023-02-01,2023,2,2023.125000,1.303958,240.656944,240.656944,241.960902
2023-03-01,2023,3,2023.208333,1.323750,240.651944,240.651944,241.975694
2023-04-01,2023,4,2023.291667,1.359583,240.625278,240.625278,241.984861
2023-05-01,2023,5,2023.375000,1.382500,240.576111,240.576111,241.958611
2023-06-01,2023,6,2023.458333,1.391875,240.581111,240.581111,241.972986
2023-07-01,2023,7,2023.541667,1.395625,240.612500,240.612500,242.008125
2023-08-01,2023,8,2023.625000,1.414375,240.644444,240.644444,242.058819
2023-09-01,2023,9,2023.708333,1.416667,240.675556,240.675556,242.092223
2023-10-01,2023,10,2023.791667,1.390417,240.725000,240.725000,242.115417
2023-11-01,2023,11,2023.875000,1.385000,240.721944,240.721944,242.106944
2023-12-01,2023,12,2023.958333,1.395833,240.733611,240.733611,242.129444
2024-01-01,2024,1,2024.041667,1.392083,240.769444,240.769444,242.161527
2024-02-01,2024,2,2024.125000,1.398958,240.785000,240.785000,242.183958
2024-03-01,2024,3,2024.208333,1.392500,240.807222,240.807222,242.199722
2024-04-01,2024,4,2024.291667,1.390000,240.840833,240.840833,242.230833
2024-05-01,2024,5,2024.375000,1.366042,240.892222,240.892222,242.258264
2024-06-01,2024,6,2024.458333,1.366250,240.936389,240.936389,242.302639
2024-07-01,2024,7,2024.541667,1.359167,240.969722,240.969722,242.328889
2024-08-01,2024,8,2024.625000,1.351458,240.998056,240.998056,242.349514
2024-09-01,2024,9,2024.708333,1.358542,241.052222,241.052222,242.410764
2024-10-01,2024,10,2024.791667,1.379792,241.068056,241.068056,242.447848
2024-11-01,2024,11,2024.875000,1.404583,241.105833,241.105833,242.510416
2024-12-01,2024,12,2024.958333,1.417083,241.146667,241.146667,242.563750
2025-01-01,2025,1,2025.041667,1.449167,241.184444,241.184444,242.633611
2025-02-01,2025,2,2025.125000,1.451458,241.208611,241.208611,242.660069
2025-03-01,2025,3,2025.208333,1.444583,241.248611,241.248611,242.693194
2025-04-01,2025,4,2025.291667,1.424167,241.252500,241.252500,242.676667
2025-05-01,2025,5,2025.375000,1.410625,241.254167,241.254167,242.664792
2025-06-01,2025,6,2025.458333,1.376458,241.285000,241.285000,242.661458
2025-07-01,2025,7,2025.541667,1.378750,241.288889,241.288889,242.667639
2025-08-01,2025,8,2025.625000,1.386875,241.313333,241.313333,242.700208
2025-09-01,2025,9,2025.708333,1.385833,241.339444,241.339444,242.725277
2025-10-01,2025,10,2025.791667,1.380000,241.365833,241.365833,242.745833
2025-11-01,2025,11,2025.875000,1.372917,241.391111,241.391111,242.764028
2025-12-01,2025,12,2025.958333,1.409583,241.389722,241.389722,242.799305
2026-01-01,2026,1,2026.041667,1.420625,241.392222,241.392222,242.812847
2026-02-01,2026,2,2026.125000,1.440833,241.408333,241.408333,242.849166
2026-03-01,2026,3,2026.208333,1.445000,241.418889,241.418889,242.863889
2026-04-01,2026,4,2026.291667,1.477292,241.434444,241.434444,242.911736
2026-05-01,2026,5,2026.375000,1.480417,241.475556,241.475556,242.955973
2026-06-01,2026,6,2026.458333,1.461667,241.470278,241.470278,242.931945
2026-07-01,2026,7,2026.541667,1.468750,241.485000,241.485000,242.953750
