date,year,month,decimal_year,sw_in,sw_out,albedo,darkening,ASR,EEI_raw,EEI3,toa_net_flux_w_m2
2000-03-01,2000,3,2000.208333,343.480000,99.260000,0.288983,0.711017,244.220000,5.960000,244.220000,99.260000
2000-04-01,2000,4,2000.291667,337.750000,97.780000,0.289504,0.710496,239.970000,1.930000,239.970000,97.780000
2000-05-01,2000,5,2000.375000,332.760000,97.930000,0.294296,0.705704,234.830000,-5.930000,234.830000,97.930000
2000-06-01,2000,6,2000.458333,329.820000,96.820000,0.293554,0.706446,233.000000,-10.230000,233.000000,96.820000
2000-07-01,2000,7,2000.541667,329.500000,94.220000,0.285948,0.714052,235.280000,-8.710000,235.280000,94.220000
2000-08-01,2000,8,2000.625000,332.030000,93.580000,0.281842,0.718158,238.450000,-5.210000,238.450000,93.580000
2000-09-01,2000,9,2000.708333,336.540000,95.210000,0.282908,0.717092,241.330000,-0.900000,241.330000,95.210000
2000-10-01,2000,10,2000.791667,342.530000,101.910000,0.297521,0.702479,240.620000,1.660000,240.620000,101.910000
2000-11-01,2000,11,2000.875000,347.930000,106.530000,0.306182,0.693818,241.400000,4.150000,241.400000,106.530000
2000-12-01,2000,12,2000.958333,351.370000,108.280000,0.308165,0.691835,243.090000,6.010000,243.090000,108.280000
2001-01-01,2001,1,2001.041667,351.560000,104.710000,0.297844,0.702156,246.850000,9.780000,246.850000,104.710000
2001-02-01,2001,2,2001.125000,348.690000,102.870000,0.295018,0.704982,245.820000,8.970000,245.820000,102.870000
2001-03-01,2001,3,2001.208333,343.560000,99.090000,0.288421,0.711579,244.470000,7.540000,244.470000,99.090000
2001-04-01,2001,4,2001.291667,337.750000,98.470000,0.291547,0.708453,239.280000,1.000000,239.280000,98.470000
2001-05-01,2001,5,2001.375000,332.880000,97.900000,0.294100,0.705900,234.980000,-6.110000,234.980000,97.900000
2001-06-01,2001,6,2001.458333,329.870000,96.670000,0.293055,0.706945,233.200000,-9.730000,233.200000,96.670000
2001-07-01,2001,7,2001.541667,329.580000,93.910000,0.284938,0.715062,235.670000,-8.670000,235.670000,93.910000
2001-08-01,2001,8,2001.625000,331.910000,93.330000,0.281191,0.718809,238.580000,-6.100000,238.580000,93.330000
2001-09-01,2001,9,2001.708333,336.460000,94.460000,0.280747,0.719253,242.000000,0.010000,242.000000,94.460000
2001-10-01,2001,10,2001.791667,342.400000,101.600000,0.296729,0.703271,240.800000,1.100000,240.800000,101.600000
2001-11-01,2001,11,2001.875000,347.800000,105.830000,0.304284,0.695716,241.970000,3.570000,241.970000,105.830000
2001-12-01,2001,12,2001.958333,351.300000,108.870000,0.309906,0.690094,242.430000,5.160000,242.430000,108.870000
2002-01-01,2002,1,2002.041667,351.660000,106.610000,0.303162,0.696838,245.050000,7.820000,245.050000,106.610000
2002-02-01,2002,2,2002.125000,348.810000,102.750000,0.294573,0.705427,246.060000,8.040000,246.060000,102.750000
2002-03-01,2002,3,2002.208333,343.790000,99.190000,0.288519,0.711481,244.600000,6.500000,244.600000,99.190000
2002-04-01,2002,4,2002.291667,337.860000,97.890000,0.289735,0.710265,239.970000,0.700000,239.970000,97.890000
2002-05-01,2002,5,2002.375000,332.900000,96.690000,0.290448,0.709552,236.210000,-5.570000,236.210000,96.690000
2002-06-01,2002,6,2002.458333,329.940000,96.840000,0.293508,0.706492,233.100000,-10.110000,233.100000,96.840000
2002-07-01,2002,7,2002.541667,329.420000,94.640000,0.287293,0.712707,234.780000,-10.170000,234.780000,94.640000
2002-08-01,2002,8,2002.625000,331.820000,93.820000,0.282744,0.717256,238.000000,-6.580000,238.000000,93.820000
2002-09-01,2002,9,2002.708333,336.460000,94.460000,0.280747,0.719253,242.000000,-1.170000,242.000000,94.460000
2002-10-01,2002,10,2002.791667,342.270000,99.640000,0.291115,0.708885,242.630000,2.590000,242.630000,99.640000
2002-11-01,2002,11,2002.875000,347.720000,106.320000,0.305763,0.694237,241.400000,3.520000,241.400000,106.320000
2002-12-01,2002,12,2002.958333,351.290000,108.340000,0.308406,0.691594,242.950000,6.050000,242.950000,108.340000
2003-01-01,2003,1,2003.041667,351.550000,105.980000,0.301465,0.698535,245.570000,7.620000,245.570000,105.980000
2003-02-01,2003,2,2003.125000,348.720000,101.790000,0.291896,0.708104,246.930000,8.850000,246.930000,101.790000
2003-03-01,2003,3,2003.208333,343.620000,98.310000,0.286101,0.713899,245.310000,6.410000,245.310000,98.310000
2003-04-01,2003,4,2003.291667,337.810000,97.490000,0.288594,0.711406,240.320000,1.290000,240.320000,97.490000
2003-05-01,2003,5,2003.375000,332.830000,97.870000,0.294054,0.705946,234.960000,-6.010000,234.960000,97.870000
2003-06-01,2003,6,2003.458333,329.770000,95.970000,0.291021,0.708979,233.800000,-9.440000,233.800000,95.970000
2003-07-01,2003,7,2003.541667,329.390000,93.640000,0.284283,0.715717,235.750000,-8.910000,235.750000,93.640000
2003-08-01,2003,8,2003.625000,331.770000,92.240000,0.278024,0.721976,239.530000,-4.720000,239.530000,92.240000
2003-09-01,2003,9,2003.708333,336.400000,94.160000,0.279905,0.720095,242.240000,-0.590000,242.240000,94.160000
2003-10-01,2003,10,2003.791667,341.960000,99.610000,0.291291,0.708709,242.350000,1.590000,242.350000,99.610000
2003-11-01,2003,11,2003.875000,347.610000,105.680000,0.304019,0.695981,241.930000,3.750000,241.930000,105.680000
2003-12-01,2003,12,2003.958333,351.140000,107.490000,0.306117,0.693883,243.650000,6.010000,243.650000,107.490000
2004-01-01,2004,1,2004.041667,351.400000,105.790000,0.301053,0.698947,245.610000,8.640000,245.610000,105.790000
2004-02-01,2004,2,2004.125000,348.530000,101.350000,0.290793,0.709207,247.180000,9.090000,247.180000,101.350000
2004-03-01,2004,3,2004.208333,343.450000,99.890000,0.290843,0.709157,243.560000,5.570000,243.560000,99.890000
2004-04-01,2004,4,2004.291667,337.660000,96.410000,0.285524,0.714476,241.250000,2.360000,241.250000,96.410000
2004-05-01,2004,5,2004.375000,332.670000,98.500000,0.296089,0.703911,234.170000,-6.480000,234.170000,98.500000
2004-06-01,2004,6,2004.458333,329.700000,96.890000,0.293873,0.706127,232.810000,-10.490000,232.810000,96.890000
2004-07-01,2004,7,2004.541667,329.300000,93.360000,0.283510,0.716490,235.940000,-7.850000,235.940000,93.360000
2004-08-01,2004,8,2004.625000,331.760000,92.590000,0.279087,0.720913,239.170000,-5.200000,239.170000,92.590000
2004-09-01,2004,9,2004.708333,336.460000,93.990000,0.279350,0.720650,242.470000,-0.040000,242.470000,93.990000
2004-10-01,2004,10,2004.791667,342.290000,100.420000,0.293377,0.706623,241.870000,1.360000,241.870000,100.420000
2004-11-01,2004,11,2004.875000,347.710000,105.670000,0.303903,0.696097,242.040000,4.180000,242.040000,105.670000
2004-12-01,2004,12,2004.958333,351.160000,107.310000,0.305587,0.694413,243.850000,7.190000,243.850000,107.310000
2005-01-01,2005,1,2005.041667,351.250000,105.650000,0.300783,0.699217,245.600000,8.040000,245.600000,105.650000
2005-02-01,2005,2,2005.125000,348.440000,102.360000,0.293767,0.706233,246.080000,7.820000,246.080000,102.360000
2005-03-01,2005,3,2005.208333,343.440000,98.740000,0.287503,0.712497,244.700000,6.610000,244.700000,98.740000
2005-04-01,2005,4,2005.291667,337.630000,97.290000,0.288156,0.711844,240.340000,1.120000,240.340000,97.290000
2005-05-01,2005,5,2005.375000,332.650000,96.970000,0.291508,0.708492,235.680000,-4.320000,235.680000,96.970000
2005-06-01,2005,6,2005.458333,329.670000,96.480000,0.292656,0.707344,233.190000,-9.910000,233.190000,96.480000
2005-07-01,2005,7,2005.541667,329.330000,94.380000,0.286582,0.713418,234.950000,-9.850000,234.950000,94.380000
2005-08-01,2005,8,2005.625000,331.750000,93.180000,0.280874,0.719126,238.570000,-5.940000,238.570000,93.180000
2005-09-01,2005,9,2005.708333,336.350000,94.200000,0.280065,0.719935,242.150000,-0.660000,242.150000,94.200000
2005-10-01,2005,10,2005.791667,342.210000,100.090000,0.292481,0.707519,242.120000,1.490000,242.120000,100.090000
2005-11-01,2005,11,2005.875000,347.620000,105.700000,0.304068,0.695932,241.920000,3.570000,241.920000,105.700000
2005-12-01,2005,12,2005.958333,351.050000,106.720000,0.304002,0.695998,244.330000,7.000000,244.330000,106.720000
2006-01-01,2006,1,2006.041667,351.310000,105.970000,0.301642,0.698358,245.340000,8.980000,245.340000,105.970000
2006-02-01,2006,2,2006.125000,348.460000,102.100000,0.293004,0.706996,246.360000,9.190000,246.360000,102.100000
2006-03-01,2006,3,2006.208333,343.470000,98.870000,0.287856,0.712144,244.600000,6.600000,244.600000,98.870000
2006-04-01,2006,4,2006.291667,337.680000,97.200000,0.287846,0.712154,240.480000,2.400000,240.480000,97.200000
2006-05-01,2006,5,2006.375000,332.760000,96.810000,0.290930,0.709070,235.950000,-4.230000,235.950000,96.810000
2006-06-01,2006,6,2006.458333,329.730000,95.440000,0.289449,0.710551,234.290000,-9.200000,234.290000,95.440000
2006-07-01,2006,7,2006.541667,329.320000,93.750000,0.284678,0.715322,235.570000,-9.330000,235.570000,93.750000
2006-08-01,2006,8,2006.625000,331.650000,92.790000,0.279783,0.720217,238.860000,-5.810000,238.860000,92.790000
2006-09-01,2006,9,2006.708333,336.300000,93.860000,0.279096,0.720904,242.440000,-0.490000,242.440000,93.860000
2006-10-01,2006,10,2006.791667,342.100000,100.750000,0.294505,0.705495,241.350000,1.220000,241.350000,100.750000
2006-11-01,2006,11,2006.875000,347.520000,105.050000,0.302285,0.697715,242.470000,4.340000,242.470000,105.050000
2006-12-01,2006,12,2006.958333,350.990000,107.800000,0.307131,0.692869,243.190000,6.090000,243.190000,107.800000
2007-01-01,2007,1,2007.041667,351.280000,105.990000,0.301725,0.698275,245.290000,6.920000,245.290000,105.990000
2007-02-01,2007,2,2007.125000,348.460000,101.500000,0.291282,0.708718,246.960000,8.550000,246.960000,101.500000
2007-03-01,2007,3,2007.208333,343.530000,98.810000,0.287631,0.712369,244.720000,5.880000,244.720000,98.810000
2007-04-01,2007,4,2007.291667,337.710000,96.530000,0.285837,0.714163,241.180000,1.910000,241.180000,96.530000
2007-05-01,2007,5,2007.375000,332.720000,97.280000,0.292378,0.707622,235.440000,-5.620000,235.440000,97.280000
2007-06-01,2007,6,2007.458333,329.710000,96.050000,0.291317,0.708683,233.660000,-8.700000,233.660000,96.050000
2007-07-01,2007,7,2007.541667,329.270000,93.690000,0.284539,0.715461,235.580000,-8.860000,235.580000,93.690000
2007-08-01,2007,8,2007.625000,331.630000,92.970000,0.280343,0.719657,238.660000,-5.710000,238.660000,92.970000
2007-09-01,2007,9,2007.708333,336.200000,94.670000,0.281588,0.718412,241.530000,-1.760000,241.530000,94.670000
2007-10-01,2007,10,2007.791667,342.020000,99.620000,0.291270,0.708730,242.400000,1.640000,242.400000,99.620000
2007-11-01,2007,11,2007.875000,347.510000,106.120000,0.305373,0.694627,241.390000,3.060000,241.390000,106.120000
2007-12-01,2007,12,2007.958333,351.000000,108.900000,0.310256,0.689744,242.100000,5.060000,242.100000,108.900000
2008-01-01,2008,1,2008.041667,351.320000,106.550000,0.303285,0.696715,244.770000,8.560000,244.770000,106.550000
2008-02-01,2008,2,2008.125000,348.430000,102.330000,0.293689,0.706311,246.100000,8.410000,246.100000,102.330000
2008-03-01,2008,3,2008.208333,343.340000,97.730000,0.284645,0.715355,245.610000,7.560000,245.610000,97.730000
2008-04-01,2008,4,2008.291667,337.550000,97.120000,0.287720,0.712280,240.430000,1.790000,240.430000,97.120000
2008-05-01,2008,5,2008.375000,332.600000,96.390000,0.289808,0.710192,236.210000,-4.160000,236.210000,96.390000
2008-06-01,2008,6,2008.458333,329.620000,95.710000,0.290365,0.709635,233.910000,-8.630000,233.910000,95.710000
2008-07-01,2008,7,2008.541667,329.280000,93.080000,0.282677,0.717323,236.200000,-8.090000,236.200000,93.080000
2008-08-01,2008,8,2008.625000,331.700000,92.020000,0.277419,0.722581,239.680000,-3.870000,239.680000,92.020000
2008-09-01,2008,9,2008.708333,336.330000,95.040000,0.282580,0.717420,241.290000,-0.710000,241.290000,95.040000
2008-10-01,2008,10,2008.791667,342.150000,99.620000,0.291159,0.708841,242.530000,2.660000,242.530000,99.620000
2008-11-01,2008,11,2008.875000,347.620000,106.210000,0.305535,0.694465,241.410000,3.520000,241.410000,106.210000
2008-12-01,2008,12,2008.958333,351.030000,107.080000,0.305045,0.694955,243.950000,7.340000,243.950000,107.080000
2009-01-01,2009,1,2009.041667,351.250000,105.720000,0.300982,0.699018,245.530000,8.680000,245.530000,105.720000
2009-02-01,2009,2,2009.125000,348.390000,101.720000,0.291972,0.708028,246.670000,9.290000,246.670000,101.720000
2009-03-01,2009,3,2009.208333,343.400000,98.790000,0.287682,0.712318,244.610000,7.430000,244.610000,98.790000
2009-04-01,2009,4,2009.291667,337.590000,96.730000,0.286531,0.713469,240.860000,1.890000,240.860000,96.730000
2009-05-01,2009,5,2009.375000,332.650000,96.440000,0.289914,0.710086,236.210000,-4.400000,236.210000,96.440000
2009-06-01,2009,6,2009.458333,329.660000,95.220000,0.288843,0.711157,234.440000,-7.530000,234.440000,95.220000
2009-07-01,2009,7,2009.541667,329.300000,93.870000,0.285059,0.714941,235.430000,-8.830000,235.430000,93.870000
2009-08-01,2009,8,2009.625000,331.690000,92.140000,0.277790,0.722210,239.550000,-5.040000,239.550000,92.140000
2009-09-01,2009,9,2009.708333,336.300000,94.950000,0.282337,0.717663,241.350000,-1.390000,241.350000,94.950000
2009-10-01,2009,10,2009.791667,342.110000,100.040000,0.292421,0.707579,242.070000,1.540000,242.070000,100.040000
2009-11-01,2009,11,2009.875000,347.570000,106.380000,0.306068,0.693932,241.190000,2.930000,241.190000,106.380000
2009-12-01,2009,12,2009.958333,351.000000,107.920000,0.307464,0.692536,243.080000,6.260000,243.080000,107.920000
2010-01-01,2010,1,2010.041667,351.270000,106.360000,0.302787,0.697213,244.910000,6.660000,244.910000,106.360000
2010-02-01,2010,2,2010.125000,348.480000,102.460000,0.294020,0.705980,246.020000,8.080000,246.020000,102.460000
2010-03-01,2010,3,2010.208333,343.510000,98.890000,0.287881,0.712119,244.620000,5.630000,244.620000,98.890000
2010-04-01,2010,4,2010.291667,337.730000,97.000000,0.287212,0.712788,240.730000,2.080000,240.730000,97.000000
2010-05-01,2010,5,2010.375000,332.750000,97.530000,0.293103,0.706897,235.220000,-5.950000,235.220000,97.530000
2010-06-01,2010,6,2010.458333,329.730000,96.520000,0.292724,0.707276,233.210000,-9.730000,233.210000,96.520000
2010-07-01,2010,7,2010.541667,329.360000,94.630000,0.287315,0.712685,234.730000,-9.350000,234.730000,94.630000
2010-08-01,2010,8,2010.625000,331.720000,93.150000,0.280809,0.719191,238.570000,-6.050000,238.570000,93.150000
2010-09-01,2010,9,2010.708333,336.310000,94.530000,0.281080,0.718920,241.780000,-0.950000,241.780000,94.530000
2010-10-01,2010,10,2010.791667,342.090000,100.350000,0.293344,0.706656,241.740000,1.510000,241.740000,100.350000
2010-11-01,2010,11,2010.875000,347.580000,106.220000,0.305599,0.694401,241.360000,2.650000,241.360000,106.220000
2010-12-01,2010,12,2010.958333,351.020000,108.160000,0.308131,0.691869,242.860000,5.660000,242.860000,108.160000
2011-01-01,2011,1,2011.041667,351.320000,106.100000,0.302004,0.697996,245.220000,8.580000,245.220000,106.100000
2011-02-01,2011,2,2011.125000,348.520000,102.100000,0.292953,0.707047,246.420000,8.490000,246.420000,102.100000
2011-03-01,2011,3,2011.208333,343.570000,98.220000,0.285881,0.714119,245.350000,6.860000,245.350000,98.220000
2011-04-01,2011,4,2011.291667,337.850000,97.030000,0.287198,0.712802,240.820000,2.400000,240.820000,97.030000
2011-05-01,2011,5,2011.375000,332.860000,97.520000,0.292976,0.707024,235.340000,-4.270000,235.340000,97.520000
2011-06-01,2011,6,2011.458333,329.820000,96.920000,0.293857,0.706143,232.900000,-9.490000,232.900000,96.920000
2011-07-01,2011,7,2011.541667,329.350000,93.750000,0.284652,0.715348,235.600000,-8.980000,235.600000,93.750000
2011-08-01,2011,8,2011.625000,331.690000,92.220000,0.278031,0.721969,239.470000,-5.380000,239.470000,92.220000
2011-09-01,2011,9,2011.708333,336.270000,93.840000,0.279061,0.720939,242.430000,-1.360000,242.430000,93.840000
2011-10-01,2011,10,2011.791667,342.120000,99.170000,0.289869,0.710131,242.950000,3.090000,242.950000,99.170000
2011-11-01,2011,11,2011.875000,347.660000,106.040000,0.305011,0.694989,241.620000,3.980000,241.620000,106.040000
2011-12-01,2011,12,2011.958333,351.170000,109.320000,0.311302,0.688698,241.850000,4.800000,241.850000,109.320000
2012-01-01,2012,1,2012.041667,351.450000,105.550000,0.300327,0.699673,245.900000,8.740000,245.900000,105.550000
2012-02-01,2012,2,2012.125000,348.590000,101.230000,0.290398,0.709602,247.360000,10.670000,247.360000,101.230000
2012-03-01,2012,3,2012.208333,343.480000,99.150000,0.288663,0.711337,244.330000,6.700000,244.330000,99.150000
2012-04-01,2012,4,2012.291667,337.700000,97.040000,0.287356,0.712644,240.660000,2.570000,240.660000,97.040000
2012-05-01,2012,5,2012.375000,332.720000,96.290000,0.289403,0.710597,236.430000,-4.200000,236.430000,96.290000
2012-06-01,2012,6,2012.458333,329.760000,95.160000,0.288574,0.711426,234.600000,-8.740000,234.600000,95.160000
2012-07-01,2012,7,2012.541667,329.360000,93.870000,0.285007,0.714993,235.490000,-8.200000,235.490000,93.870000
2012-08-01,2012,8,2012.625000,331.880000,92.450000,0.278565,0.721435,239.430000,-4.530000,239.430000,92.450000
2012-09-01,2012,9,2012.708333,336.530000,94.210000,0.279945,0.720055,242.320000,-0.660000,242.320000,94.210000
2012-10-01,2012,10,2012.791667,342.310000,98.930000,0.289007,0.710993,243.380000,2.620000,243.380000,98.930000
2012-11-01,2012,11,2012.875000,347.780000,105.620000,0.303698,0.696302,242.160000,4.570000,242.160000,105.620000
2012-12-01,2012,12,2012.958333,351.180000,107.670000,0.306595,0.693405,243.510000,7.060000,243.510000,107.670000
2013-01-01,2013,1,2013.041667,351.360000,106.530000,0.303193,0.696807,244.830000,6.780000,244.830000,106.530000
2013-02-01,2013,2,2013.125000,348.510000,102.030000,0.292761,0.707239,246.480000,8.480000,246.480000,102.030000
2013-03-01,2013,3,2013.208333,343.530000,98.520000,0.286787,0.713213,245.010000,7.340000,245.010000,98.520000
2013-04-01,2013,4,2013.291667,337.690000,97.420000,0.288489,0.711511,240.270000,1.300000,240.270000,97.420000
2013-05-01,2013,5,2013.375000,332.790000,97.180000,0.292016,0.707984,235.610000,-4.800000,235.610000,97.180000
2013-06-01,2013,6,2013.458333,329.820000,96.610000,0.292917,0.707083,233.210000,-9.600000,233.210000,96.610000
2013-07-01,2013,7,2013.541667,329.490000,94.290000,0.286170,0.713830,235.200000,-8.360000,235.200000,94.290000
2013-08-01,2013,8,2013.625000,331.880000,92.250000,0.277962,0.722038,239.630000,-4.940000,239.630000,92.250000
2013-09-01,2013,9,2013.708333,336.500000,94.550000,0.280981,0.719019,241.950000,-0.790000,241.950000,94.550000
2013-10-01,2013,10,2013.791667,342.240000,99.820000,0.291667,0.708333,242.420000,1.560000,242.420000,99.820000
2013-11-01,2013,11,2013.875000,347.690000,106.030000,0.304956,0.695044,241.660000,3.880000,241.660000,106.030000
2013-12-01,2013,12,2013.958333,351.190000,107.660000,0.306558,0.693442,243.530000,6.200000,243.530000,107.660000
2014-01-01,2014,1,2014.041667,351.370000,105.930000,0.301477,0.698523,245.440000,7.850000,245.440000,105.930000
2014-02-01,2014,2,2014.125000,348.500000,102.050000,0.292826,0.707174,246.450000,8.450000,246.450000,102.050000
2014-03-01,2014,3,2014.208333,343.720000,98.190000,0.285669,0.714331,245.530000,7.050000,245.530000,98.190000
2014-04-01,2014,4,2014.291667,337.870000,96.770000,0.286412,0.713588,241.100000,2.400000,241.100000,96.770000
2014-05-01,2014,5,2014.375000,332.880000,96.930000,0.291186,0.708814,235.950000,-4.300000,235.950000,96.930000
2014-06-01,2014,6,2014.458333,329.860000,96.340000,0.292063,0.707937,233.520000,-9.570000,233.520000,96.340000
2014-07-01,2014,7,2014.541667,329.450000,94.230000,0.286022,0.713978,235.220000,-9.380000,235.220000,94.230000
2014-08-01,2014,8,2014.625000,331.870000,91.680000,0.276253,0.723747,240.190000,-4.210000,240.190000,91.680000
2014-09-01,2014,9,2014.708333,336.440000,93.880000,0.279039,0.720961,242.560000,-0.180000,242.560000,93.880000
2014-10-01,2014,10,2014.791667,342.160000,99.200000,0.289923,0.710077,242.960000,2.230000,242.960000,99.200000
2014-11-01,2014,11,2014.875000,347.740000,105.620000,0.303733,0.696267,242.120000,4.100000,242.120000,105.620000
2014-12-01,2014,12,2014.958333,351.190000,108.320000,0.308437,0.691563,242.870000,5.850000,242.870000,108.320000
2015-01-01,2015,1,2015.041667,351.510000,105.830000,0.301073,0.698927,245.680000,7.410000,245.680000,105.830000
2015-02-01,2015,2,2015.125000,348.790000,101.380000,0.290662,0.709338,247.410000,9.210000,247.410000,101.380000
2015-03-01,2015,3,2015.208333,343.780000,98.570000,0.286724,0.713276,245.210000,7.100000,245.210000,98.570000
2015-04-01,2015,4,2015.291667,337.970000,96.510000,0.285558,0.714442,241.460000,2.320000,241.460000,96.510000
2015-05-01,2015,5,2015.375000,332.930000,96.450000,0.289701,0.710299,236.480000,-4.300000,236.480000,96.450000
2015-06-01,2015,6,2015.458333,329.870000,95.820000,0.290478,0.709522,234.050000,-8.900000,234.050000,95.820000
2015-07-01,2015,7,2015.541667,329.490000,93.050000,0.282406,0.717594,236.440000,-8.050000,236.440000,93.050000
2015-08-01,2015,8,2015.625000,331.760000,91.480000,0.275741,0.724259,240.280000,-4.210000,240.280000,91.480000
2015-09-01,2015,9,2015.708333,336.330000,93.020000,0.276574,0.723426,243.310000,0.210000,243.310000,93.020000
2015-10-01,2015,10,2015.791667,342.190000,98.740000,0.288553,0.711447,243.450000,2.290000,243.450000,98.740000
2015-11-01,2015,11,2015.875000,347.690000,105.420000,0.303201,0.696799,242.270000,3.900000,242.270000,105.420000
2015-12-01,2015,12,2015.958333,351.150000,107.400000,0.305852,0.694148,243.750000,6.120000,243.750000,107.400000
2016-01-01,2016,1,2016.041667,351.470000,105.370000,0.299798,0.700202,246.100000,8.000000,246.100000,105.370000
2016-02-01,2016,2,2016.125000,348.610000,101.610000,0.291472,0.708528,247.000000,7.310000,247.000000,101.610000
2016-03-01,2016,3,2016.208333,343.520000,98.340000,0.286272,0.713728,245.180000,6.320000,245.180000,98.340000
2016-04-01,2016,4,2016.291667,337.630000,95.900000,0.284039,0.715961,241.730000,1.480000,241.730000,95.900000
2016-05-01,2016,5,2016.375000,332.700000,96.540000,0.290171,0.709829,236.160000,-4.890000,236.160000,96.540000
2016-06-01,2016,6,2016.458333,329.750000,94.700000,0.287187,0.712813,235.050000,-7.530000,235.050000,94.700000
2016-07-01,2016,7,2016.541667,329.380000,93.060000,0.282531,0.717469,236.320000,-8.190000,236.320000,93.060000
2016-08-01,2016,8,2016.625000,331.810000,92.000000,0.277267,0.722733,239.810000,-4.640000,239.810000,92.000000
2016-09-01,2016,9,2016.708333,336.440000,93.560000,0.278088,0.721912,242.880000,-0.240000,242.880000,93.560000
2016-10-01,2016,10,2016.791667,342.250000,99.260000,0.290022,0.709978,242.990000,2.040000,242.990000,99.260000
2016-11-01,2016,11,2016.875000,347.710000,104.550000,0.300682,0.699318,243.160000,4.820000,243.160000,104.550000
2016-12-01,2016,12,2016.958333,351.080000,106.990000,0.304745,0.695255,244.090000,6.870000,244.090000,106.990000
2017-01-01,2017,1,2017.041667,351.310000,103.750000,0.295323,0.704677,247.560000,9.280000,247.560000,103.750000
2017-02-01,2017,2,2017.125000,348.460000,100.110000,0.287293,0.712707,248.350000,9.710000,248.350000,100.110000
2017-03-01,2017,3,2017.208333,343.460000,97.690000,0.284429,0.715571,245.770000,7.250000,245.770000,97.690000
2017-04-01,2017,4,2017.291667,337.670000,95.640000,0.283235,0.716765,242.030000,1.930000,242.030000,95.640000
2017-05-01,2017,5,2017.375000,332.720000,96.430000,0.289823,0.710177,236.290000,-5.210000,236.290000,96.430000
2017-06-01,2017,6,2017.458333,329.740000,95.180000,0.288652,0.711348,234.560000,-8.440000,234.560000,95.180000
2017-07-01,2017,7,2017.541667,329.340000,92.750000,0.281624,0.718376,236.590000,-8.100000,236.590000,92.750000
2017-08-01,2017,8,2017.625000,331.720000,92.530000,0.278940,0.721060,239.190000,-5.070000,239.190000,92.530000
2017-09-01,2017,9,2017.708333,336.310000,93.940000,0.279326,0.720674,242.370000,-1.040000,242.370000,93.940000
2017-10-01,2017,10,2017.791667,342.190000,100.090000,0.292498,0.707502,242.100000,1.360000,242.100000,100.090000
2017-11-01,2017,11,2017.875000,347.640000,105.590000,0.303734,0.696266,242.050000,4.010000,242.050000,105.590000
2017-12-01,2017,12,2017.958333,351.050000,107.910000,0.307392,0.692608,243.140000,5.700000,243.140000,107.910000
2018-01-01,2018,1,2018.041667,351.290000,105.150000,0.299325,0.700675,246.140000,8.850000,246.140000,105.150000
2018-02-01,2018,2,2018.125000,348.440000,102.190000,0.293279,0.706721,246.250000,9.160000,246.250000,102.190000
2018-03-01,2018,3,2018.208333,343.490000,98.380000,0.286413,0.713587,245.110000,6.710000,245.110000,98.380000
2018-04-01,2018,4,2018.291667,337.700000,95.470000,0.282707,0.717293,242.230000,2.990000,242.230000,95.470000
2018-05-01,2018,5,2018.375000,332.740000,96.220000,0.289175,0.710825,236.520000,-4.410000,236.520000,96.220000
2018-06-01,2018,6,2018.458333,329.740000,95.910000,0.290866,0.709134,233.830000,-9.550000,233.830000,95.910000
2018-07-01,2018,7,2018.541667,329.340000,93.480000,0.283840,0.716160,235.860000,-8.540000,235.860000,93.480000
2018-08-01,2018,8,2018.625000,331.690000,92.510000,0.278905,0.721095,239.180000,-4.800000,239.180000,92.510000
2018-09-01,2018,9,2018.708333,336.280000,93.040000,0.276674,0.723326,243.240000,0.420000,243.240000,93.040000
2018-10-01,2018,10,2018.791667,342.090000,98.820000,0.288871,0.711129,243.270000,2.980000,243.270000,98.820000
2018-11-01,2018,11,2018.875000,347.570000,104.660000,0.301119,0.698881,242.910000,5.120000,242.910000,104.660000
2018-12-01,2018,12,2018.958333,351.030000,106.450000,0.303250,0.696750,244.580000,7.470000,244.580000,106.450000
2019-01-01,2019,1,2019.041667,351.320000,105.120000,0.299214,0.700786,246.200000,8.660000,246.200000,105.120000
2019-02-01,2019,2,2019.125000,348.520000,100.690000,0.288907,0.711093,247.830000,9.450000,247.830000,100.690000
2019-03-01,2019,3,2019.208333,343.550000,97.260000,0.283103,0.716897,246.290000,7.350000,246.290000,97.260000
2019-04-01,2019,4,2019.291667,337.730000,96.030000,0.284340,0.715660,241.700000,2.190000,241.700000,96.030000
2019-05-01,2019,5,2019.375000,332.750000,95.830000,0.287994,0.712006,236.920000,-4.410000,236.920000,95.830000
2019-06-01,2019,6,2019.458333,329.720000,95.320000,0.289094,0.710906,234.400000,-8.400000,234.400000,95.320000
2019-07-01,2019,7,2019.541667,329.300000,92.680000,0.281445,0.718555,236.620000,-8.170000,236.620000,92.680000
2019-08-01,2019,8,2019.625000,331.630000,91.690000,0.276483,0.723517,239.940000,-4.970000,239.940000,91.690000
2019-09-01,2019,9,2019.708333,336.210000,92.630000,0.275512,0.724488,243.580000,0.020000,243.580000,92.630000
2019-10-01,2019,10,2019.791667,342.020000,97.860000,0.286124,0.713876,244.160000,3.490000,244.160000,97.860000
2019-11-01,2019,11,2019.875000,347.530000,104.420000,0.300463,0.699537,243.110000,4.750000,243.110000,104.420000
2019-12-01,2019,12,2019.958333,351.030000,106.350000,0.302966,0.697034,244.680000,6.250000,244.680000,106.350000
2020-01-01,2020,1,2020.041667,351.350000,105.500000,0.300270,0.699730,245.850000,8.180000,245.850000,105.500000
2020-02-01,2020,2,2020.125000,348.480000,101.050000,0.289974,0.710026,247.430000,8.410000,247.430000,101.050000
2020-03-01,2020,3,2020.208333,343.410000,97.370000,0.283539,0.716461,246.040000,7.020000,246.040000,97.370000
2020-04-01,2020,4,2020.291667,337.590000,95.420000,0.282651,0.717349,242.170000,2.400000,242.170000,95.420000
2020-05-01,2020,5,2020.375000,332.640000,95.520000,0.287157,0.712843,237.120000,-4.740000,237.120000,95.520000
2020-06-01,2020,6,2020.458333,329.680000,94.820000,0.287612,0.712388,234.860000,-8.880000,234.860000,94.820000
2020-07-01,2020,7,2020.541667,329.330000,93.300000,0.283302,0.716698,236.030000,-8.430000,236.030000,93.300000
2020-08-01,2020,8,2020.625000,331.760000,91.100000,0.274596,0.725404,240.660000,-4.200000,240.660000,91.100000
2020-09-01,2020,9,2020.708333,336.380000,93.590000,0.278227,0.721773,242.790000,-0.700000,242.790000,93.590000
2020-10-01,2020,10,2020.791667,342.210000,100.030000,0.292306,0.707694,242.180000,1.430000,242.180000,100.030000
2020-11-01,2020,11,2020.875000,347.670000,105.240000,0.302701,0.697299,242.430000,3.020000,242.430000,105.240000
2020-12-01,2020,12,2020.958333,351.130000,108.000000,0.307578,0.692422,243.130000,5.290000,243.130000,108.000000
2021-01-01,2021,1,2021.041667,351.370000,105.680000,0.300766,0.699234,245.690000,8.170000,245.690000,105.680000
2021-02-01,2021,2,2021.125000,348.500000,100.980000,0.289756,0.710244,247.520000,8.890000,247.520000,100.980000
2021-03-01,2021,3,2021.208333,343.530000,97.430000,0.283614,0.716386,246.100000,7.690000,246.100000,97.430000
2021-04-01,2021,4,2021.291667,337.710000,96.090000,0.284534,0.715466,241.620000,2.960000,241.620000,96.090000
2021-05-01,2021,5,2021.375000,332.740000,96.530000,0.290106,0.709894,236.210000,-4.370000,236.210000,96.530000
2021-06-01,2021,6,2021.458333,329.770000,94.510000,0.286594,0.713406,235.260000,-7.290000,235.260000,94.510000
2021-07-01,2021,7,2021.541667,329.420000,93.330000,0.283316,0.716684,236.090000,-8.020000,236.090000,93.330000
2021-08-01,2021,8,2021.625000,331.810000,91.330000,0.275248,0.724752,240.480000,-4.130000,240.480000,91.330000
2021-09-01,2021,9,2021.708333,336.400000,93.380000,0.277586,0.722414,243.020000,0.410000,243.020000,93.380000
2021-10-01,2021,10,2021.791667,342.230000,98.710000,0.288432,0.711568,243.520000,2.560000,243.520000,98.710000
2021-11-01,2021,11,2021.875000,347.700000,104.430000,0.300345,0.699655,243.270000,5.000000,243.270000,104.430000
2021-12-01,2021,12,2021.958333,351.170000,107.510000,0.306148,0.693852,243.660000,6.250000,243.660000,107.510000
2022-01-01,2022,1,2022.041667,351.470000,104.820000,0.298233,0.701767,246.650000,9.250000,246.650000,104.820000
2022-02-01,2022,2,2022.125000,348.720000,100.500000,0.288197,0.711803,248.220000,9.440000,248.220000,100.500000
2022-03-01,2022,3,2022.208333,343.750000,97.800000,0.284509,0.715491,245.950000,7.380000,245.950000,97.800000
2022-04-01,2022,4,2022.291667,337.970000,96.100000,0.284345,0.715655,241.870000,1.790000,241.870000,96.100000
2022-05-01,2022,5,2022.375000,333.010000,96.790000,0.290652,0.709348,236.220000,-5.280000,236.220000,96.790000
2022-06-01,2022,6,2022.458333,330.010000,94.290000,0.285719,0.714281,235.720000,-7.390000,235.720000,94.290000
2022-07-01,2022,7,2022.541667,329.560000,93.420000,0.283469,0.716531,236.140000,-8.660000,236.140000,93.420000
2022-08-01,2022,8,2022.625000,331.910000,91.810000,0.276611,0.723389,240.100000,-3.860000,240.100000,91.810000
2022-09-01,2022,9,2022.708333,336.540000,93.330000,0.277322,0.722678,243.210000,0.240000,243.210000,93.330000
2022-10-01,2022,10,2022.791667,342.360000,98.950000,0.289023,0.710977,243.410000,2.740000,243.410000,98.950000
2022-11-01,2022,11,2022.875000,347.820000,104.690000,0.300989,0.699011,243.130000,4.660000,243.130000,104.690000
2022-12-01,2022,12,2022.958333,351.230000,106.240000,0.302480,0.697520,244.990000,7.690000,244.990000,106.240000
2023-01-01,2023,1,2023.041667,351.590000,103.860000,0.295401,0.704599,247.730000,9.560000,247.730000,103.860000
2023-02-01,2023,2,2023.125000,348.860000,100.440000,0.287909,0.712091,248.420000,10.010000,248.420000,100.440000
2023-03-01,2023,3,2023.208333,343.980000,96.840000,0.281528,0.718472,247.140000,8.300000,247.140000,96.840000
2023-04-01,2023,4,2023.291667,338.160000,95.440000,0.282233,0.717767,242.720000,3.910000,242.720000,95.440000
2023-05-01,2023,5,2023.375000,333.050000,96.280000,0.289086,0.710914,236.770000,-3.310000,236.770000,96.280000
2023-06-01,2023,6,2023.458333,330.080000,94.120000,0.285143,0.714857,235.960000,-7.950000,235.960000,94.120000
2023-07-01,2023,7,2023.541667,329.550000,91.940000,0.278986,0.721014,237.610000,-7.990000,237.610000,91.940000
2023-08-01,2023,8,2023.625000,331.990000,90.040000,0.271213,0.728787,241.950000,-4.070000,241.950000,90.040000
2023-09-01,2023,9,2023.708333,336.590000,91.850000,0.272884,0.727116,244.740000,0.130000,244.740000,91.850000
2023-10-01,2023,10,2023.791667,342.470000,97.710000,0.285310,0.714690,244.760000,2.230000,244.760000,97.710000
2023-11-01,2023,11,2023.875000,347.900000,104.120000,0.299281,0.700719,243.780000,4.490000,243.780000,104.120000
2023-12-01,2023,12,2023.958333,351.370000,106.340000,0.302644,0.697356,245.030000,6.770000,245.030000,106.340000
2024-01-01,2024,1,2024.041667,351.710000,104.890000,0.298229,0.701771,246.820000,8.000000,246.820000,104.890000
2024-02-01,2024,2,2024.125000,348.760000,100.830000,0.289110,0.710890,247.930000,8.740000,247.930000,100.830000
2024-03-01,2024,3,2024.208333,343.780000,97.850000,0.284630,0.715370,245.930000,6.710000,245.930000,97.850000
2024-04-01,2024,4,2024.291667,338.000000,95.850000,0.283580,0.716420,242.150000,2.280000,242.150000,95.850000
2024-05-01,2024,5,2024.375000,332.960000,96.440000,0.289644,0.710356,236.520000,-5.890000,236.520000,96.440000
2024-06-01,2024,6,2024.458333,330.020000,94.760000,0.287134,0.712866,235.260000,-8.870000,235.260000,94.760000
2024-07-01,2024,7,2024.541667,329.700000,93.170000,0.282590,0.717410,236.530000,-8.770000,236.530000,93.170000
2024-08-01,2024,8,2024.625000,331.990000,90.930000,0.273894,0.726106,241.060000,-4.570000,241.060000,90.930000
2024-09-01,2024,9,2024.708333,336.840000,92.650000,0.275056,0.724944,244.190000,-0.360000,244.190000,92.650000
2024-10-01,2024,10,2024.791667,342.490000,98.520000,0.287658,0.712342,243.970000,2.450000,243.970000,98.520000
2024-11-01,2024,11,2024.875000,347.990000,104.150000,0.299290,0.700710,243.840000,4.210000,243.840000,104.150000
2024-12-01,2024,12,2024.958333,351.440000,106.670000,0.303523,0.696477,244.770000,5.890000,244.770000,106.670000
2025-01-01,2025,1,2025.041667,351.670000,103.200000,0.293457,0.706543,248.470000,9.710000,248.470000,103.200000
2025-02-01,2025,2,2025.125000,348.800000,100.140000,0.287099,0.712901,248.660000,9.000000,248.660000,100.140000
2025-03-01,2025,3,2025.208333,343.900000,96.540000,0.280721,0.719279,247.360000,7.360000,247.360000,96.540000
2025-04-01,2025,4,2025.291667,338.040000,95.850000,0.283546,0.716454,242.190000,1.980000,242.190000,95.850000
2025-05-01,2025,5,2025.375000,332.990000,96.450000,0.289648,0.710352,236.540000,-5.020000,236.540000,96.450000
2025-06-01,2025,6,2025.458333,330.040000,94.760000,0.287117,0.712883,235.280000,-8.930000,235.280000,94.760000
2025-07-01,2025,7,2025.541667,329.690000,92.670000,0.281082,0.718918,237.020000,-7.910000,237.020000,92.670000
2025-08-01,2025,8,2025.625000,332.040000,90.940000,0.273883,0.726117,241.100000,-3.740000,241.100000,90.940000
2025-09-01,2025,9,2025.708333,336.610000,92.360000,0.274383,0.725617,244.250000,0.360000,244.250000,92.360000
2025-10-01,2025,10,2025.791667,342.420000,98.520000,0.287717,0.712283,243.900000,2.280000,243.900000,98.520000
2025-11-01,2025,11,2025.875000,347.930000,103.890000,0.298595,0.701405,244.040000,4.660000,244.040000,103.890000
2025-12-01,2025,12,2025.958333,351.260000,106.010000,0.301799,0.698201,245.250000,8.010000,245.250000,106.010000
2026-01-01,2026,1,2026.041667,351.540000,103.500000,0.294419,0.705581,248.040000,9.780000,248.040000,103.500000
2026-02-01,2026,2,2026.125000,348.710000,99.310000,0.284793,0.715207,249.400000,10.410000,249.400000,99.310000
2026-03-01,2026,3,2026.208333,343.770000,96.970000,0.282078,0.717922,246.800000,7.580000,246.800000,96.970000
2026-04-01,2026,4,2026.291667,337.950000,95.240000,0.281817,0.718183,242.710000,3.340000,242.710000,95.240000
2026-05-01,2026,5,2026.375000,333.010000,96.560000,0.289961,0.710039,236.450000,-5.130000,236.450000,96.560000
2026-06-01,2026,6,2026.458333,329.980000,94.540000,0.286502,0.713498,235.440000,-8.290000,235.440000,94.540000
2026-07-01,2026,7,2026.541667,329.580000,91.780000,0.278476,0.721524,237.800000,-8.320000,237.800000,91.780000
