date,year,month,decimal_year,ASR,EEI48
2000-03-01,2000,3,2000.208333,244.220000,
2000-04-01,2000,4,2000.291667,239.970000,
2000-05-01,2000,5,2000.375000,234.830000,
2000-06-01,2000,6,2000.458333,233.000000,
2000-07-01,2000,7,2000.541667,235.280000,
2000-08-01,2000,8,2000.625000,238.450000,
2000-09-01,2000,9,2000.708333,241.330000,
2000-10-01,2000,10,2000.791667,240.620000,
2000-11-01,2000,11,2000.875000,241.400000,
2000-12-01,2000,12,2000.958333,243.090000,
2001-01-01,2001,1,2001.041667,246.850000,
2001-02-01,2001,2,2001.125000,245.820000,240.405000
2001-03-01,2001,3,2001.208333,244.470000,240.717692
2001-04-01,2001,4,2001.291667,239.280000,240.615000
2001-05-01,2001,5,2001.375000,234.980000,240.239333
2001-06-01,2001,6,2001.458333,233.200000,239.799375
2001-07-01,2001,7,2001.541667,235.670000,239.556471
2001-08-01,2001,8,2001.625000,238.580000,239.502222
2001-09-01,2001,9,2001.708333,242.000000,239.633684
2001-10-01,2001,10,2001.791667,240.800000,239.692000
2001-11-01,2001,11,2001.875000,241.970000,239.800476
2001-12-01,2001,12,2001.958333,242.430000,239.920000
2002-01-01,2002,1,2002.041667,245.050000,240.143043
2002-02-01,2002,2,2002.125000,246.060000,240.389583
2002-03-01,2002,3,2002.208333,244.600000,240.558000
2002-04-01,2002,4,2002.291667,239.970000,240.535385
2002-05-01,2002,5,2002.375000,236.210000,240.375185
2002-06-01,2002,6,2002.458333,233.100000,240.115357
2002-07-01,2002,7,2002.541667,234.780000,239.931379
2002-08-01,2002,8,2002.625000,238.000000,239.867000
2002-09-01,2002,9,2002.708333,242.000000,239.935806
2002-10-01,2002,10,2002.791667,242.630000,240.020000
2002-11-01,2002,11,2002.875000,241.400000,240.061818
2002-12-01,2002,12,2002.958333,242.950000,240.146765
2003-01-01,2003,1,2003.041667,245.570000,240.301714
2003-02-01,2003,2,2003.125000,246.930000,240.485833
2003-03-01,2003,3,2003.208333,245.310000,240.616216
2003-04-01,2003,4,2003.291667,240.320000,240.608421
2003-05-01,2003,5,2003.375000,234.960000,240.463590
2003-06-01,2003,6,2003.458333,233.800000,240.297000
2003-07-01,2003,7,2003.541667,235.750000,240.186098
2003-08-01,2003,8,2003.625000,239.530000,240.170476
2003-09-01,2003,9,2003.708333,242.240000,240.218605
2003-10-01,2003,10,2003.791667,242.350000,240.267045
2003-11-01,2003,11,2003.875000,241.930000,240.304000
2003-12-01,2003,12,2003.958333,243.650000,240.376739
2004-01-01,2004,1,2004.041667,245.610000,240.488085
2004-02-01,2004,2,2004.125000,247.180000,240.627500
2004-03-01,2004,3,2004.208333,243.560000,240.613750
2004-04-01,2004,4,2004.291667,241.250000,240.640417
2004-05-01,2004,5,2004.375000,234.170000,240.626667
2004-06-01,2004,6,2004.458333,232.810000,240.622708
2004-07-01,2004,7,2004.541667,235.940000,240.636458
2004-08-01,2004,8,2004.625000,239.170000,240.651458
2004-09-01,2004,9,2004.708333,242.470000,240.675208
2004-10-01,2004,10,2004.791667,241.870000,240.701250
2004-11-01,2004,11,2004.875000,242.040000,240.714583
2004-12-01,2004,12,2004.958333,243.850000,240.730417
2005-01-01,2005,1,2005.041667,245.600000,240.704375
2005-02-01,2005,2,2005.125000,246.080000,240.709792
2005-03-01,2005,3,2005.208333,244.700000,240.714583
2005-04-01,2005,4,2005.291667,240.340000,240.736667
2005-05-01,2005,5,2005.375000,235.680000,240.751250
2005-06-01,2005,6,2005.458333,233.190000,240.751042
2005-07-01,2005,7,2005.541667,234.950000,240.736042
2005-08-01,2005,8,2005.625000,238.570000,240.735833
2005-09-01,2005,9,2005.708333,242.150000,240.738958
2005-10-01,2005,10,2005.791667,242.120000,240.766458
2005-11-01,2005,11,2005.875000,241.920000,240.765417
2005-12-01,2005,12,2005.958333,244.330000,240.805000
2006-01-01,2006,1,2006.041667,245.340000,240.811042
2006-02-01,2006,2,2006.125000,246.360000,240.817292
2006-03-01,2006,3,2006.208333,244.600000,240.817292
2006-04-01,2006,4,2006.291667,240.480000,240.827917
2006-05-01,2006,5,2006.375000,235.950000,240.822500
2006-06-01,2006,6,2006.458333,234.290000,240.847292
2006-07-01,2006,7,2006.541667,235.570000,240.863750
2006-08-01,2006,8,2006.625000,238.860000,240.881667
2006-09-01,2006,9,2006.708333,242.440000,240.890833
2006-10-01,2006,10,2006.791667,241.350000,240.864167
2006-11-01,2006,11,2006.875000,242.470000,240.886458
2006-12-01,2006,12,2006.958333,243.190000,240.891458
2007-01-01,2007,1,2007.041667,245.290000,240.885625
2007-02-01,2007,2,2007.125000,246.960000,240.886250
2007-03-01,2007,3,2007.208333,244.720000,240.873958
2007-04-01,2007,4,2007.291667,241.180000,240.891875
2007-05-01,2007,5,2007.375000,235.440000,240.901875
2007-06-01,2007,6,2007.458333,233.660000,240.898958
2007-07-01,2007,7,2007.541667,235.580000,240.895417
2007-08-01,2007,8,2007.625000,238.660000,240.877292
2007-09-01,2007,9,2007.708333,241.530000,240.862500
2007-10-01,2007,10,2007.791667,242.400000,240.863542
2007-11-01,2007,11,2007.875000,241.390000,240.852292
2007-12-01,2007,12,2007.958333,242.100000,240.820000
2008-01-01,2008,1,2008.041667,244.770000,240.802500
2008-02-01,2008,2,2008.125000,246.100000,240.780000
2008-03-01,2008,3,2008.208333,245.610000,240.822708
2008-04-01,2008,4,2008.291667,240.430000,240.805625
2008-05-01,2008,5,2008.375000,236.210000,240.848125
2008-06-01,2008,6,2008.458333,233.910000,240.871042
2008-07-01,2008,7,2008.541667,236.200000,240.876458
2008-08-01,2008,8,2008.625000,239.680000,240.887083
2008-09-01,2008,9,2008.708333,241.290000,240.862500
2008-10-01,2008,10,2008.791667,242.530000,240.876250
2008-11-01,2008,11,2008.875000,241.410000,240.863125
2008-12-01,2008,12,2008.958333,243.950000,240.865208
2009-01-01,2009,1,2009.041667,245.530000,240.863750
2009-02-01,2009,2,2009.125000,246.670000,240.876042
2009-03-01,2009,3,2009.208333,244.610000,240.874167
2009-04-01,2009,4,2009.291667,240.860000,240.885000
2009-05-01,2009,5,2009.375000,236.210000,240.896042
2009-06-01,2009,6,2009.458333,234.440000,240.922083
2009-07-01,2009,7,2009.541667,235.430000,240.932083
2009-08-01,2009,8,2009.625000,239.550000,240.952500
2009-09-01,2009,9,2009.708333,241.350000,240.935833
2009-10-01,2009,10,2009.791667,242.070000,240.934792
2009-11-01,2009,11,2009.875000,241.190000,240.919583
2009-12-01,2009,12,2009.958333,243.080000,240.893542
2010-01-01,2010,1,2010.041667,244.910000,240.884583
2010-02-01,2010,2,2010.125000,246.020000,240.877500
2010-03-01,2010,3,2010.208333,244.620000,240.877917
2010-04-01,2010,4,2010.291667,240.730000,240.883125
2010-05-01,2010,5,2010.375000,235.220000,240.867917
2010-06-01,2010,6,2010.458333,233.210000,240.845417
2010-07-01,2010,7,2010.541667,234.730000,240.827917
2010-08-01,2010,8,2010.625000,238.570000,240.821875
2010-09-01,2010,9,2010.708333,241.780000,240.808125
2010-10-01,2010,10,2010.791667,241.740000,240.816250
2010-11-01,2010,11,2010.875000,241.360000,240.793125
2010-12-01,2010,12,2010.958333,242.860000,240.786250
2011-01-01,2011,1,2011.041667,245.220000,240.784792
2011-02-01,2011,2,2011.125000,246.420000,240.773542
2011-03-01,2011,3,2011.208333,245.350000,240.786667
2011-04-01,2011,4,2011.291667,240.820000,240.779167
2011-05-01,2011,5,2011.375000,235.340000,240.777083
2011-06-01,2011,6,2011.458333,232.900000,240.761250
2011-07-01,2011,7,2011.541667,235.600000,240.761667
2011-08-01,2011,8,2011.625000,239.470000,240.778542
2011-09-01,2011,9,2011.708333,242.430000,240.797292
2011-10-01,2011,10,2011.791667,242.950000,240.808750
2011-11-01,2011,11,2011.875000,241.620000,240.813542
2011-12-01,2011,12,2011.958333,241.850000,240.808333
2012-01-01,2012,1,2012.041667,245.900000,240.831875
2012-02-01,2012,2,2012.125000,247.360000,240.858125
2012-03-01,2012,3,2012.208333,244.330000,240.831458
2012-04-01,2012,4,2012.291667,240.660000,240.836250
2012-05-01,2012,5,2012.375000,236.430000,240.840833
2012-06-01,2012,6,2012.458333,234.600000,240.855208
2012-07-01,2012,7,2012.541667,235.490000,240.840417
2012-08-01,2012,8,2012.625000,239.430000,240.835208
2012-09-01,2012,9,2012.708333,242.320000,240.856667
2012-10-01,2012,10,2012.791667,243.380000,240.874375
2012-11-01,2012,11,2012.875000,242.160000,240.890000
2012-12-01,2012,12,2012.958333,243.510000,240.880833
2013-01-01,2013,1,2013.041667,244.830000,240.866250
2013-02-01,2013,2,2013.125000,246.480000,240.862292
2013-03-01,2013,3,2013.208333,245.010000,240.870625
2013-04-01,2013,4,2013.291667,240.270000,240.858333
2013-05-01,2013,5,2013.375000,235.610000,240.845833
2013-06-01,2013,6,2013.458333,233.210000,240.820208
2013-07-01,2013,7,2013.541667,235.200000,240.815417
2013-08-01,2013,8,2013.625000,239.630000,240.817083
2013-09-01,2013,9,2013.708333,241.950000,240.829583
2013-10-01,2013,10,2013.791667,242.420000,240.836875
2013-11-01,2013,11,2013.875000,241.660000,240.846667
2013-12-01,2013,12,2013.958333,243.530000,240.856042
2014-01-01,2014,1,2014.041667,245.440000,240.867083
2014-02-01,2014,2,2014.125000,246.450000,240.876042
2014-03-01,2014,3,2014.208333,245.530000,240.895000
2014-04-01,2014,4,2014.291667,241.100000,240.902708
2014-05-01,2014,5,2014.375000,235.950000,240.917917
2014-06-01,2014,6,2014.458333,233.520000,240.924375
2014-07-01,2014,7,2014.541667,235.220000,240.934583
2014-08-01,2014,8,2014.625000,240.190000,240.968333
2014-09-01,2014,9,2014.708333,242.560000,240.984583
2014-10-01,2014,10,2014.791667,242.960000,241.010000
2014-11-01,2014,11,2014.875000,242.120000,241.025833
2014-12-01,2014,12,2014.958333,242.870000,241.026042
2015-01-01,2015,1,2015.041667,245.680000,241.035625
2015-02-01,2015,2,2015.125000,247.410000,241.056250
2015-03-01,2015,3,2015.208333,245.210000,241.053333
2015-04-01,2015,4,2015.291667,241.460000,241.066667
2015-05-01,2015,5,2015.375000,236.480000,241.090417
2015-06-01,2015,6,2015.458333,234.050000,241.114375
2015-07-01,2015,7,2015.541667,236.440000,241.131875
2015-08-01,2015,8,2015.625000,240.280000,241.148750
2015-09-01,2015,9,2015.708333,243.310000,241.167083
2015-10-01,2015,10,2015.791667,243.450000,241.177500
2015-11-01,2015,11,2015.875000,242.270000,241.191042
2015-12-01,2015,12,2015.958333,243.750000,241.230625
2016-01-01,2016,1,2016.041667,246.100000,241.234792
2016-02-01,2016,2,2016.125000,247.000000,241.227292
2016-03-01,2016,3,2016.208333,245.180000,241.245000
2016-04-01,2016,4,2016.291667,241.730000,241.267292
2016-05-01,2016,5,2016.375000,236.160000,241.261667
2016-06-01,2016,6,2016.458333,235.050000,241.271042
2016-07-01,2016,7,2016.541667,236.320000,241.288333
2016-08-01,2016,8,2016.625000,239.810000,241.296250
2016-09-01,2016,9,2016.708333,242.880000,241.307917
2016-10-01,2016,10,2016.791667,242.990000,241.299792
2016-11-01,2016,11,2016.875000,243.160000,241.320625
2016-12-01,2016,12,2016.958333,244.090000,241.332708
2017-01-01,2017,1,2017.041667,247.560000,241.389583
2017-02-01,2017,2,2017.125000,248.350000,241.428542
2017-03-01,2017,3,2017.208333,245.770000,241.444375
2017-04-01,2017,4,2017.291667,242.030000,241.481042
2017-05-01,2017,5,2017.375000,236.290000,241.495208
2017-06-01,2017,6,2017.458333,234.560000,241.523333
2017-07-01,2017,7,2017.541667,236.590000,241.552292
2017-08-01,2017,8,2017.625000,239.190000,241.543125
2017-09-01,2017,9,2017.708333,242.370000,241.551875
2017-10-01,2017,10,2017.791667,242.100000,241.545208
2017-11-01,2017,11,2017.875000,242.050000,241.553333
2017-12-01,2017,12,2017.958333,243.140000,241.545208
2018-01-01,2018,1,2018.041667,246.140000,241.559792
2018-02-01,2018,2,2018.125000,246.250000,241.555625
2018-03-01,2018,3,2018.208333,245.110000,241.546875
2018-04-01,2018,4,2018.291667,242.230000,241.570417
2018-05-01,2018,5,2018.375000,236.520000,241.582292
2018-06-01,2018,6,2018.458333,233.830000,241.588750
2018-07-01,2018,7,2018.541667,235.860000,241.602083
2018-08-01,2018,8,2018.625000,239.180000,241.581042
2018-09-01,2018,9,2018.708333,243.240000,241.595208
2018-10-01,2018,10,2018.791667,243.270000,241.601667
2018-11-01,2018,11,2018.875000,242.910000,241.618125
2018-12-01,2018,12,2018.958333,244.580000,241.653750
2019-01-01,2019,1,2019.041667,246.200000,241.664583
2019-02-01,2019,2,2019.125000,247.830000,241.673333
2019-03-01,2019,3,2019.208333,246.290000,241.695833
2019-04-01,2019,4,2019.291667,241.700000,241.700833
2019-05-01,2019,5,2019.375000,236.920000,241.710000
2019-06-01,2019,6,2019.458333,234.400000,241.717292
2019-07-01,2019,7,2019.541667,236.620000,241.721042
2019-08-01,2019,8,2019.625000,239.940000,241.713958
2019-09-01,2019,9,2019.708333,243.580000,241.719583
2019-10-01,2019,10,2019.791667,244.160000,241.734375
2019-11-01,2019,11,2019.875000,243.110000,241.751875
2019-12-01,2019,12,2019.958333,244.680000,241.771250
2020-01-01,2020,1,2020.041667,245.850000,241.766042
2020-02-01,2020,2,2020.125000,247.430000,241.775000
2020-03-01,2020,3,2020.208333,246.040000,241.792917
2020-04-01,2020,4,2020.291667,242.170000,241.802083
2020-05-01,2020,5,2020.375000,237.120000,241.822083
2020-06-01,2020,6,2020.458333,234.860000,241.818125
2020-07-01,2020,7,2020.541667,236.030000,241.812083
2020-08-01,2020,8,2020.625000,240.660000,241.829792
2020-09-01,2020,9,2020.708333,242.790000,241.827917
2020-10-01,2020,10,2020.791667,242.180000,241.811042
2020-11-01,2020,11,2020.875000,242.430000,241.795833
2020-12-01,2020,12,2020.958333,243.130000,241.775833
2021-01-01,2021,1,2021.041667,245.690000,241.736875
2021-02-01,2021,2,2021.125000,247.520000,241.719583
2021-03-01,2021,3,2021.208333,246.100000,241.726458
2021-04-01,2021,4,2021.291667,241.620000,241.717917
2021-05-01,2021,5,2021.375000,236.210000,241.716250
2021-06-01,2021,6,2021.458333,235.260000,241.730833
2021-07-01,2021,7,2021.541667,236.090000,241.720417
2021-08-01,2021,8,2021.625000,240.480000,241.747292
2021-09-01,2021,9,2021.708333,243.020000,241.760833
2021-10-01,2021,10,2021.791667,243.520000,241.790417
2021-11-01,2021,11,2021.875000,243.270000,241.815833
2021-12-01,2021,12,2021.958333,243.660000,241.826667
2022-01-01,2022,1,2022.041667,246.650000,241.837292
2022-02-01,2022,2,2022.125000,248.220000,241.878333
2022-03-01,2022,3,2022.208333,245.950000,241.895833
2022-04-01,2022,4,2022.291667,241.870000,241.888333
2022-05-01,2022,5,2022.375000,236.220000,241.882083
2022-06-01,2022,6,2022.458333,235.720000,241.921458
2022-07-01,2022,7,2022.541667,236.140000,241.927292
2022-08-01,2022,8,2022.625000,240.100000,241.946458
2022-09-01,2022,9,2022.708333,243.210000,241.945833
2022-10-01,2022,10,2022.791667,243.410000,241.948750
2022-11-01,2022,11,2022.875000,243.130000,241.953333
2022-12-01,2022,12,2022.958333,244.990000,241.961875
2023-01-01,2023,1,2023.041667,247.730000,241.993750
2023-02-01,2023,2,2023.125000,248.420000,242.006042
2023-03-01,2023,3,2023.208333,247.140000,242.023750
2023-04-01,2023,4,2023.291667,242.720000,242.045000
2023-05-01,2023,5,2023.375000,236.770000,242.041875
2023-06-01,2023,6,2023.458333,235.960000,242.074375
2023-07-01,2023,7,2023.541667,237.610000,242.095000
2023-08-01,2023,8,2023.625000,241.950000,242.136875
2023-09-01,2023,9,2023.708333,244.740000,242.161042
2023-10-01,2023,10,2023.791667,244.760000,242.173542
2023-11-01,2023,11,2023.875000,243.780000,242.187500
2023-12-01,2023,12,2023.958333,245.030000,242.194792
2024-01-01,2024,1,2024.041667,246.820000,242.215000
2024-02-01,2024,2,2024.125000,247.930000,242.225417
2024-03-01,2024,3,2024.208333,245.930000,242.223125
2024-04-01,2024,4,2024.291667,242.150000,242.222708
2024-05-01,2024,5,2024.375000,236.520000,242.210208
2024-06-01,2024,6,2024.458333,235.260000,242.218542
2024-07-01,2024,7,2024.541667,236.530000,242.228958
2024-08-01,2024,8,2024.625000,241.060000,242.237292
2024-09-01,2024,9,2024.708333,244.190000,242.266458
2024-10-01,2024,10,2024.791667,243.970000,242.303750
2024-11-01,2024,11,2024.875000,243.840000,242.333125
2024-12-01,2024,12,2024.958333,244.770000,242.367292
2025-01-01,2025,1,2025.041667,248.470000,242.425208
2025-02-01,2025,2,2025.125000,248.660000,242.448958
2025-03-01,2025,3,2025.208333,247.360000,242.475208
2025-04-01,2025,4,2025.291667,242.190000,242.487083
2025-05-01,2025,5,2025.375000,236.540000,242.493958
2025-06-01,2025,6,2025.458333,235.280000,242.494375
2025-07-01,2025,7,2025.541667,237.020000,242.513750
2025-08-01,2025,8,2025.625000,241.100000,242.526667
2025-09-01,2025,9,2025.708333,244.250000,242.552292
2025-10-01,2025,10,2025.791667,243.900000,242.560208
2025-11-01,2025,11,2025.875000,244.040000,242.576250
2025-12-01,2025,12,2025.958333,245.250000,242.609375
2026-01-01,2026,1,2026.041667,248.040000,242.638333
2026-02-01,2026,2,2026.125000,249.400000,242.662917
2026-03-01,2026,3,2026.208333,246.800000,242.680625
2026-04-01,2026,4,2026.291667,242.710000,242.698125
2026-05-01,2026,5,2026.375000,236.450000,242.702917
2026-06-01,2026,6,2026.458333,235.440000,242.697083
2026-07-01,2026,7,2026.541667,237.800000,242.731667
