date,year,month,decimal_year,albedo,albedo48
2000-03-01,2000,3,2000.208333,0.288983,
2000-04-01,2000,4,2000.291667,0.289504,
2000-05-01,2000,5,2000.375000,0.294296,
2000-06-01,2000,6,2000.458333,0.293554,
2000-07-01,2000,7,2000.541667,0.285948,
2000-08-01,2000,8,2000.625000,0.281842,
2000-09-01,2000,9,2000.708333,0.282908,
2000-10-01,2000,10,2000.791667,0.297521,
2000-11-01,2000,11,2000.875000,0.306182,
2000-12-01,2000,12,2000.958333,0.308165,
2001-01-01,2001,1,2001.041667,0.297844,
2001-02-01,2001,2,2001.125000,0.295018,0.293480
2001-03-01,2001,3,2001.208333,0.288421,0.293434
2001-04-01,2001,4,2001.291667,0.291547,0.293604
2001-05-01,2001,5,2001.375000,0.294100,0.293587
2001-06-01,2001,6,2001.458333,0.293055,0.293546
2001-07-01,2001,7,2001.541667,0.284938,0.293462
2001-08-01,2001,8,2001.625000,0.281191,0.293407
2001-09-01,2001,9,2001.708333,0.280747,0.293227
2001-10-01,2001,10,2001.791667,0.296729,0.293161
2001-11-01,2001,11,2001.875000,0.304284,0.293003
2001-12-01,2001,12,2001.958333,0.309906,0.293148
2002-01-01,2002,1,2002.041667,0.303162,0.293592
2002-02-01,2002,2,2002.125000,0.294573,0.293554
2002-03-01,2002,3,2002.208333,0.288519,0.293563
2002-04-01,2002,4,2002.291667,0.289735,0.293412
2002-05-01,2002,5,2002.375000,0.290448,0.293107
2002-06-01,2002,6,2002.458333,0.293508,0.293145
2002-07-01,2002,7,2002.541667,0.287293,0.293341
2002-08-01,2002,8,2002.625000,0.282744,0.293471
2002-09-01,2002,9,2002.708333,0.280747,0.293471
2002-10-01,2002,10,2002.791667,0.291115,0.293003
2002-11-01,2002,11,2002.875000,0.305763,0.293126
2002-12-01,2002,12,2002.958333,0.308406,0.293001
2003-01-01,2003,1,2003.041667,0.301465,0.292860
2003-02-01,2003,2,2003.125000,0.291896,0.292637
2003-03-01,2003,3,2003.208333,0.286101,0.292435
2003-04-01,2003,4,2003.291667,0.288594,0.292340
2003-05-01,2003,5,2003.375000,0.294054,0.292641
2003-06-01,2003,6,2003.458333,0.291021,0.292433
2003-07-01,2003,7,2003.541667,0.284283,0.292182
2003-08-01,2003,8,2003.625000,0.278024,0.291789
2003-09-01,2003,9,2003.708333,0.279905,0.291719
2003-10-01,2003,10,2003.791667,0.291291,0.291734
2003-11-01,2003,11,2003.875000,0.304019,0.291588
2003-12-01,2003,12,2003.958333,0.306117,0.291397
2004-01-01,2004,1,2004.041667,0.301053,0.291363
2004-02-01,2004,2,2004.125000,0.290793,0.291271
2004-03-01,2004,3,2004.208333,0.290843,0.291666
2004-04-01,2004,4,2004.291667,0.285524,0.291411
2004-05-01,2004,5,2004.375000,0.296089,0.291580
2004-06-01,2004,6,2004.458333,0.293873,0.291818
2004-07-01,2004,7,2004.541667,0.283510,0.291753
2004-08-01,2004,8,2004.625000,0.279087,0.291842
2004-09-01,2004,9,2004.708333,0.279350,0.291796
2004-10-01,2004,10,2004.791667,0.293377,0.291970
2004-11-01,2004,11,2004.875000,0.303903,0.291960
2004-12-01,2004,12,2004.958333,0.305587,0.291916
2005-01-01,2005,1,2005.041667,0.300783,0.291893
2005-02-01,2005,2,2005.125000,0.293767,0.292141
2005-03-01,2005,3,2005.208333,0.287503,0.291863
2005-04-01,2005,4,2005.291667,0.288156,0.292082
2005-05-01,2005,5,2005.375000,0.291508,0.291700
2005-06-01,2005,6,2005.458333,0.292656,0.291599
2005-07-01,2005,7,2005.541667,0.286582,0.291855
2005-08-01,2005,8,2005.625000,0.280874,0.292004
2005-09-01,2005,9,2005.708333,0.280065,0.292063
2005-10-01,2005,10,2005.791667,0.292481,0.291989
2005-11-01,2005,11,2005.875000,0.304068,0.292002
2005-12-01,2005,12,2005.958333,0.304002,0.291870
2006-01-01,2006,1,2006.041667,0.301642,0.291942
2006-02-01,2006,2,2006.125000,0.293004,0.291878
2006-03-01,2006,3,2006.208333,0.287856,0.291908
2006-04-01,2006,4,2006.291667,0.287846,0.291882
2006-05-01,2006,5,2006.375000,0.290930,0.291834
2006-06-01,2006,6,2006.458333,0.289449,0.291567
2006-07-01,2006,7,2006.541667,0.284678,0.291408
2006-08-01,2006,8,2006.625000,0.279783,0.291317
2006-09-01,2006,9,2006.708333,0.279096,0.291236
2006-10-01,2006,10,2006.791667,0.294505,0.291405
2006-11-01,2006,11,2006.875000,0.302285,0.291256
2006-12-01,2006,12,2006.958333,0.307131,0.291517
2007-01-01,2007,1,2007.041667,0.301725,0.291524
2007-02-01,2007,2,2007.125000,0.291282,0.291380
2007-03-01,2007,3,2007.208333,0.287631,0.291362
2007-04-01,2007,4,2007.291667,0.285837,0.291194
2007-05-01,2007,5,2007.375000,0.292378,0.291315
2007-06-01,2007,6,2007.458333,0.291317,0.291471
2007-07-01,2007,7,2007.541667,0.284539,0.291459
2007-08-01,2007,8,2007.625000,0.280343,0.291506
2007-09-01,2007,9,2007.708333,0.281588,0.291713
2007-10-01,2007,10,2007.791667,0.291270,0.291444
2007-11-01,2007,11,2007.875000,0.305373,0.291701
2007-12-01,2007,12,2007.958333,0.310256,0.291962
2008-01-01,2008,1,2008.041667,0.303285,0.292092
2008-02-01,2008,2,2008.125000,0.293689,0.292292
2008-03-01,2008,3,2008.208333,0.284645,0.292043
2008-04-01,2008,4,2008.291667,0.287720,0.292200
2008-05-01,2008,5,2008.375000,0.289808,0.291986
2008-06-01,2008,6,2008.458333,0.290365,0.291907
2008-07-01,2008,7,2008.541667,0.282677,0.291752
2008-08-01,2008,8,2008.625000,0.277419,0.291508
2008-09-01,2008,9,2008.708333,0.282580,0.291591
2008-10-01,2008,10,2008.791667,0.291159,0.291581
2008-11-01,2008,11,2008.875000,0.305535,0.291595
2008-12-01,2008,12,2008.958333,0.305045,0.291161
2009-01-01,2009,1,2009.041667,0.300982,0.290969
2009-02-01,2009,2,2009.125000,0.291972,0.290826
2009-03-01,2009,3,2009.208333,0.287682,0.291079
2009-04-01,2009,4,2009.291667,0.286531,0.290980
2009-05-01,2009,5,2009.375000,0.289914,0.290988
2009-06-01,2009,6,2009.458333,0.288843,0.290862
2009-07-01,2009,7,2009.541667,0.285059,0.291060
2009-08-01,2009,8,2009.625000,0.277790,0.291091
2009-09-01,2009,9,2009.708333,0.282337,0.291071
2009-10-01,2009,10,2009.791667,0.292421,0.291176
2009-11-01,2009,11,2009.875000,0.306068,0.291220
2009-12-01,2009,12,2009.958333,0.307464,0.291422
2010-01-01,2010,1,2010.041667,0.302787,0.291572
2010-02-01,2010,2,2010.125000,0.294020,0.291743
2010-03-01,2010,3,2010.208333,0.287881,0.291760
2010-04-01,2010,4,2010.291667,0.287212,0.291816
2010-05-01,2010,5,2010.375000,0.293103,0.292082
2010-06-01,2010,6,2010.458333,0.292724,0.292405
2010-07-01,2010,7,2010.541667,0.287315,0.292594
2010-08-01,2010,8,2010.625000,0.280809,0.292845
2010-09-01,2010,9,2010.708333,0.281080,0.292740
2010-10-01,2010,10,2010.791667,0.293344,0.292817
2010-11-01,2010,11,2010.875000,0.305599,0.292778
2010-12-01,2010,12,2010.958333,0.308131,0.292834
2011-01-01,2011,1,2011.041667,0.302004,0.292768
2011-02-01,2011,2,2011.125000,0.292953,0.292680
2011-03-01,2011,3,2011.208333,0.285881,0.292513
2011-04-01,2011,4,2011.291667,0.287198,0.292512
2011-05-01,2011,5,2011.375000,0.292976,0.292501
2011-06-01,2011,6,2011.458333,0.293857,0.292596
2011-07-01,2011,7,2011.541667,0.284652,0.292374
2011-08-01,2011,8,2011.625000,0.278031,0.292142
2011-09-01,2011,9,2011.708333,0.279061,0.291974
2011-10-01,2011,10,2011.791667,0.289869,0.291684
2011-11-01,2011,11,2011.875000,0.305011,0.291635
2011-12-01,2011,12,2011.958333,0.311302,0.291900
2012-01-01,2012,1,2012.041667,0.300327,0.291760
2012-02-01,2012,2,2012.125000,0.290398,0.291547
2012-03-01,2012,3,2012.208333,0.288663,0.291779
2012-04-01,2012,4,2012.291667,0.287356,0.291792
2012-05-01,2012,5,2012.375000,0.289403,0.291494
2012-06-01,2012,6,2012.458333,0.288574,0.291054
2012-07-01,2012,7,2012.541667,0.285007,0.291083
2012-08-01,2012,8,2012.625000,0.278565,0.291128
2012-09-01,2012,9,2012.708333,0.279945,0.291202
2012-10-01,2012,10,2012.791667,0.289007,0.291130
2012-11-01,2012,11,2012.875000,0.303698,0.291020
2012-12-01,2012,12,2012.958333,0.306595,0.290628
2013-01-01,2013,1,2013.041667,0.303193,0.290867
2013-02-01,2013,2,2013.125000,0.292761,0.291064
2013-03-01,2013,3,2013.208333,0.286787,0.290908
2013-04-01,2013,4,2013.291667,0.288489,0.291002
2013-05-01,2013,5,2013.375000,0.292016,0.291220
2013-06-01,2013,6,2013.458333,0.292917,0.291582
2013-07-01,2013,7,2013.541667,0.286170,0.291679
2013-08-01,2013,8,2013.625000,0.277962,0.291628
2013-09-01,2013,9,2013.708333,0.280981,0.291715
2013-10-01,2013,10,2013.791667,0.291667,0.291936
2013-11-01,2013,11,2013.875000,0.304956,0.292041
2013-12-01,2013,12,2013.958333,0.306558,0.292038
2014-01-01,2014,1,2014.041667,0.301477,0.291895
2014-02-01,2014,2,2014.125000,0.292826,0.291901
2014-03-01,2014,3,2014.208333,0.285669,0.291807
2014-04-01,2014,4,2014.291667,0.286412,0.291634
2014-05-01,2014,5,2014.375000,0.291186,0.291565
2014-06-01,2014,6,2014.458333,0.292063,0.291494
2014-07-01,2014,7,2014.541667,0.286022,0.291482
2014-08-01,2014,8,2014.625000,0.276253,0.291339
2014-09-01,2014,9,2014.708333,0.279039,0.291177
2014-10-01,2014,10,2014.791667,0.289923,0.291032
2014-11-01,2014,11,2014.875000,0.303733,0.290930
2014-12-01,2014,12,2014.958333,0.308437,0.291087
2015-01-01,2015,1,2015.041667,0.301073,0.291053
2015-02-01,2015,2,2015.125000,0.290662,0.290873
2015-03-01,2015,3,2015.208333,0.286724,0.290961
2015-04-01,2015,4,2015.291667,0.285558,0.290889
2015-05-01,2015,5,2015.375000,0.289701,0.290766
2015-06-01,2015,6,2015.458333,0.290478,0.290634
2015-07-01,2015,7,2015.541667,0.282406,0.290332
2015-08-01,2015,8,2015.625000,0.275741,0.290290
2015-09-01,2015,9,2015.708333,0.276574,0.290084
2015-10-01,2015,10,2015.791667,0.288553,0.289970
2015-11-01,2015,11,2015.875000,0.303201,0.289926
2015-12-01,2015,12,2015.958333,0.305852,0.289710
2016-01-01,2016,1,2016.041667,0.299798,0.289604
2016-02-01,2016,2,2016.125000,0.291472,0.289672
2016-03-01,2016,3,2016.208333,0.286272,0.289634
2016-04-01,2016,4,2016.291667,0.284039,0.289507
2016-05-01,2016,5,2016.375000,0.290171,0.289546
2016-06-01,2016,6,2016.458333,0.287187,0.289272
2016-07-01,2016,7,2016.541667,0.282531,0.289283
2016-08-01,2016,8,2016.625000,0.277267,0.289410
2016-09-01,2016,9,2016.708333,0.278088,0.289536
2016-10-01,2016,10,2016.791667,0.290022,0.289658
2016-11-01,2016,11,2016.875000,0.300682,0.289448
2016-12-01,2016,12,2016.958333,0.304745,0.289356
2017-01-01,2017,1,2017.041667,0.295323,0.288983
2017-02-01,2017,2,2017.125000,0.287293,0.288635
2017-03-01,2017,3,2017.208333,0.284429,0.288481
2017-04-01,2017,4,2017.291667,0.283235,0.288414
2017-05-01,2017,5,2017.375000,0.289823,0.288385
2017-06-01,2017,6,2017.458333,0.288652,0.288507
2017-07-01,2017,7,2017.541667,0.281624,0.288432
2017-08-01,2017,8,2017.625000,0.278940,0.288571
2017-09-01,2017,9,2017.708333,0.279326,0.288675
2017-10-01,2017,10,2017.791667,0.292498,0.288881
2017-11-01,2017,11,2017.875000,0.303734,0.289135
2017-12-01,2017,12,2017.958333,0.307392,0.289356
2018-01-01,2018,1,2018.041667,0.299325,0.289689
2018-02-01,2018,2,2018.125000,0.293279,0.290188
2018-03-01,2018,3,2018.208333,0.286413,0.290353
2018-04-01,2018,4,2018.291667,0.282707,0.290309
2018-05-01,2018,5,2018.375000,0.289175,0.290255
2018-06-01,2018,6,2018.458333,0.290866,0.290440
2018-07-01,2018,7,2018.541667,0.283840,0.290625
2018-08-01,2018,8,2018.625000,0.278905,0.290622
2018-09-01,2018,9,2018.708333,0.276674,0.290401
2018-10-01,2018,10,2018.791667,0.288871,0.290098
2018-11-01,2018,11,2018.875000,0.301119,0.289881
2018-12-01,2018,12,2018.958333,0.303250,0.289535
2019-01-01,2019,1,2019.041667,0.299214,0.289526
2019-02-01,2019,2,2019.125000,0.288907,0.289162
2019-03-01,2019,3,2019.208333,0.283103,0.288886
2019-04-01,2019,4,2019.291667,0.284340,0.289022
2019-05-01,2019,5,2019.375000,0.287994,0.288924
2019-06-01,2019,6,2019.458333,0.289094,0.288776
2019-07-01,2019,7,2019.541667,0.281445,0.288576
2019-08-01,2019,8,2019.625000,0.276483,0.288374
2019-09-01,2019,9,2019.708333,0.275512,0.288278
2019-10-01,2019,10,2019.791667,0.286124,0.288049
2019-11-01,2019,11,2019.875000,0.300463,0.287994
2019-12-01,2019,12,2019.958333,0.302966,0.287970
2020-01-01,2020,1,2020.041667,0.300270,0.288058
2020-02-01,2020,2,2020.125000,0.289974,0.288147
2020-03-01,2020,3,2020.208333,0.283539,0.288184
2020-04-01,2020,4,2020.291667,0.282651,0.288043
2020-05-01,2020,5,2020.375000,0.287157,0.287973
2020-06-01,2020,6,2020.458333,0.287612,0.287850
2020-07-01,2020,7,2020.541667,0.283302,0.288004
2020-08-01,2020,8,2020.625000,0.274596,0.287847
2020-09-01,2020,9,2020.708333,0.278227,0.288073
2020-10-01,2020,10,2020.791667,0.292306,0.288589
2020-11-01,2020,11,2020.875000,0.302701,0.288775
2020-12-01,2020,12,2020.958333,0.307578,0.289159
2021-01-01,2021,1,2021.041667,0.300766,0.289201
2021-02-01,2021,2,2021.125000,0.289756,0.289183
2021-03-01,2021,3,2021.208333,0.283614,0.289189
2021-04-01,2021,4,2021.291667,0.284534,0.289346
2021-05-01,2021,5,2021.375000,0.290106,0.289592
2021-06-01,2021,6,2021.458333,0.286594,0.289507
2021-07-01,2021,7,2021.541667,0.283316,0.289508
2021-08-01,2021,8,2021.625000,0.275248,0.289562
2021-09-01,2021,9,2021.708333,0.277586,0.289509
2021-10-01,2021,10,2021.791667,0.288432,0.289186
2021-11-01,2021,11,2021.875000,0.300345,0.288990
2021-12-01,2021,12,2021.958333,0.306148,0.288870
2022-01-01,2022,1,2022.041667,0.298233,0.288659
2022-02-01,2022,2,2022.125000,0.288197,0.288529
2022-03-01,2022,3,2022.208333,0.284509,0.288604
2022-04-01,2022,4,2022.291667,0.284345,0.288588
2022-05-01,2022,5,2022.375000,0.290652,0.288634
2022-06-01,2022,6,2022.458333,0.285719,0.288561
2022-07-01,2022,7,2022.541667,0.283469,0.288574
2022-08-01,2022,8,2022.625000,0.276611,0.288687
2022-09-01,2022,9,2022.708333,0.277322,0.288665
2022-10-01,2022,10,2022.791667,0.289023,0.288714
2022-11-01,2022,11,2022.875000,0.300989,0.288768
2022-12-01,2022,12,2022.958333,0.302480,0.288462
2023-01-01,2023,1,2023.041667,0.295401,0.288226
2023-02-01,2023,2,2023.125000,0.287909,0.288202
2023-03-01,2023,3,2023.208333,0.281528,0.287954
2023-04-01,2023,4,2023.291667,0.282233,0.287778
2023-05-01,2023,5,2023.375000,0.289086,0.287648
2023-06-01,2023,6,2023.458333,0.285143,0.287600
2023-07-01,2023,7,2023.541667,0.278986,0.287226
2023-08-01,2023,8,2023.625000,0.271213,0.286776
2023-09-01,2023,9,2023.708333,0.272884,0.286406
2023-10-01,2023,10,2023.791667,0.285310,0.286097
2023-11-01,2023,11,2023.875000,0.299281,0.285955
2023-12-01,2023,12,2023.958333,0.302644,0.285968
2024-01-01,2024,1,2024.041667,0.298229,0.286204
2024-02-01,2024,2,2024.125000,0.289110,0.286304
2024-03-01,2024,3,2024.208333,0.284630,0.286562
2024-04-01,2024,4,2024.291667,0.283580,0.286675
2024-05-01,2024,5,2024.375000,0.289644,0.286721
2024-06-01,2024,6,2024.458333,0.287134,0.286887
2024-07-01,2024,7,2024.541667,0.282590,0.287187
2024-08-01,2024,8,2024.625000,0.273894,0.287411
2024-09-01,2024,9,2024.708333,0.275056,0.287592
2024-10-01,2024,10,2024.791667,0.287658,0.287788
2024-11-01,2024,11,2024.875000,0.299290,0.287788
2024-12-01,2024,12,2024.958333,0.303523,0.287861
2025-01-01,2025,1,2025.041667,0.293457,0.287464
2025-02-01,2025,2,2025.125000,0.287099,0.287296
2025-03-01,2025,3,2025.208333,0.280721,0.286971
2025-04-01,2025,4,2025.291667,0.283546,0.286968
2025-05-01,2025,5,2025.375000,0.289648,0.286968
2025-06-01,2025,6,2025.458333,0.287117,0.286967
2025-07-01,2025,7,2025.541667,0.281082,0.286841
2025-08-01,2025,8,2025.625000,0.273883,0.286840
2025-09-01,2025,9,2025.708333,0.274383,0.286784
2025-10-01,2025,10,2025.791667,0.287717,0.286789
2025-11-01,2025,11,2025.875000,0.298595,0.286731
2025-12-01,2025,12,2025.958333,0.301799,0.286587
2026-01-01,2026,1,2026.041667,0.294419,0.286667
2026-02-01,2026,2,2026.125000,0.284793,0.286475
2026-03-01,2026,3,2026.208333,0.282078,0.286588
2026-04-01,2026,4,2026.291667,0.281817,0.286444
2026-05-01,2026,5,2026.375000,0.289961,0.286470
2026-06-01,2026,6,2026.458333,0.286502,0.286419
2026-07-01,2026,7,2026.541667,0.278476,0.286202
