date,year,month,decimal_year,ASR,ASR48
2000-03-01,2000,3,2000.208333,244.220000,
2000-03-01,2000,3,2000.208333,,
2000-04-01,2000,4,2000.291667,,
2000-04-01,2000,4,2000.291667,239.970000,
2000-05-01,2000,5,2000.375000,234.830000,
2000-05-01,2000,5,2000.375000,,
2000-06-01,2000,6,2000.458333,233.000000,
2000-06-01,2000,6,2000.458333,,
2000-07-01,2000,7,2000.541667,235.280000,
2000-07-01,2000,7,2000.541667,,
2000-08-01,2000,8,2000.625000,,
2000-08-01,2000,8,2000.625000,238.450000,
2000-09-01,2000,9,2000.708333,,
2000-09-01,2000,9,2000.708333,241.330000,
2000-10-01,2000,10,2000.791667,,
2000-10-01,2000,10,2000.791667,240.620000,
2000-11-01,2000,11,2000.875000,,
2000-11-01,2000,11,2000.875000,241.400000,
2000-12-01,2000,12,2000.958333,,
2000-12-01,2000,12,2000.958333,243.090000,
2001-01-01,2001,1,2001.041667,,
2001-01-01,2001,1,2001.041667,246.850000,
2001-02-01,2001,2,2001.125000,,
2001-02-01,2001,2,2001.125000,245.820000,240.405000
2001-03-01,2001,3,2001.208333,244.470000,240.717692
2001-03-01,2001,3,2001.208333,,240.717692
2001-04-01,2001,4,2001.291667,239.280000,240.615000
2001-04-01,2001,4,2001.291667,,240.615000
2001-05-01,2001,5,2001.375000,,240.615000
2001-05-01,2001,5,2001.375000,234.980000,240.239333
2001-06-01,2001,6,2001.458333,,240.239333
2001-06-01,2001,6,2001.458333,233.200000,239.799375
2001-07-01,2001,7,2001.541667,235.670000,239.556471
2001-07-01,2001,7,2001.541667,,239.556471
2001-08-01,2001,8,2001.625000,,239.556471
2001-08-01,2001,8,2001.625000,238.580000,239.502222
2001-09-01,2001,9,2001.708333,242.000000,239.633684
2001-09-01,2001,9,2001.708333,,239.633684
2001-10-01,2001,10,2001.791667,,239.633684
2001-10-01,2001,10,2001.791667,240.800000,239.692000
2001-11-01,2001,11,2001.875000,241.970000,239.800476
2001-11-01,2001,11,2001.875000,,239.800476
2001-12-01,2001,12,2001.958333,,239.800476
2001-12-01,2001,12,2001.958333,242.430000,239.920000
2002-01-01,2002,1,2002.041667,245.050000,240.143043
2002-01-01,2002,1,2002.041667,,240.143043
2002-02-01,2002,2,2002.125000,,240.143043
2002-02-01,2002,2,2002.125000,246.060000,240.389583
2002-03-01,2002,3,2002.208333,244.600000,240.405417
2002-03-01,2002,3,2002.208333,,240.405417
2002-04-01,2002,4,2002.291667,239.970000,240.388000
2002-04-01,2002,4,2002.291667,,240.405417
2002-05-01,2002,5,2002.375000,236.210000,240.462917
2002-05-01,2002,5,2002.375000,,240.462917
2002-06-01,2002,6,2002.458333,,240.787391
2002-06-01,2002,6,2002.458333,233.100000,240.467083
2002-07-01,2002,7,2002.541667,,240.692609
2002-07-01,2002,7,2002.541667,234.780000,240.446250
2002-08-01,2002,8,2002.625000,238.000000,240.348400
2002-08-01,2002,8,2002.625000,,240.427500
2002-09-01,2002,9,2002.708333,242.000000,240.490400
2002-09-01,2002,9,2002.708333,,240.455417
2002-10-01,2002,10,2002.791667,242.630000,240.542400
2002-10-01,2002,10,2002.791667,,240.539167
2002-11-01,2002,11,2002.875000,241.400000,240.573600
2002-11-01,2002,11,2002.875000,,240.539167
2002-12-01,2002,12,2002.958333,242.950000,240.635600
2002-12-01,2002,12,2002.958333,,240.533333
2003-01-01,2003,1,2003.041667,,240.533333
2003-01-01,2003,1,2003.041667,245.570000,240.480000
2003-02-01,2003,2,2003.125000,,240.480000
2003-02-01,2003,2,2003.125000,246.930000,240.526250
2003-03-01,2003,3,2003.208333,245.310000,240.561250
2003-03-01,2003,3,2003.208333,,240.561250
2003-04-01,2003,4,2003.291667,240.320000,240.604583
2003-04-01,2003,4,2003.291667,,240.604583
2003-05-01,2003,5,2003.375000,,240.604583
2003-05-01,2003,5,2003.375000,234.960000,240.603750
2003-06-01,2003,6,2003.458333,233.800000,240.331600
2003-06-01,2003,6,2003.458333,,240.628750
2003-07-01,2003,7,2003.541667,235.750000,240.632083
2003-07-01,2003,7,2003.541667,,240.632083
2003-08-01,2003,8,2003.625000,,240.632083
2003-08-01,2003,8,2003.625000,239.530000,240.671667
2003-09-01,2003,9,2003.708333,242.240000,240.681667
2003-09-01,2003,9,2003.708333,,240.681667
2003-10-01,2003,10,2003.791667,242.350000,240.748400
2003-10-01,2003,10,2003.791667,,240.746250
2003-11-01,2003,11,2003.875000,241.930000,240.744583
2003-11-01,2003,11,2003.875000,,240.744583
2003-12-01,2003,12,2003.958333,,240.744583
2003-12-01,2003,12,2003.958333,243.650000,240.795417
2004-01-01,2004,1,2004.041667,245.610000,240.818750
2004-01-01,2004,1,2004.041667,,240.818750
2004-02-01,2004,2,2004.125000,247.180000,241.073200
2004-02-01,2004,2,2004.125000,,240.865417
2004-03-01,2004,3,2004.208333,243.560000,240.822083
2004-03-01,2004,3,2004.208333,,240.822083
2004-04-01,2004,4,2004.291667,241.250000,240.875417
2004-04-01,2004,4,2004.291667,,240.875417
2004-05-01,2004,5,2004.375000,,241.078261
2004-05-01,2004,5,2004.375000,234.170000,240.790417
2004-06-01,2004,6,2004.458333,,240.790417
2004-06-01,2004,6,2004.458333,232.810000,240.778333
2004-07-01,2004,7,2004.541667,,240.778333
2004-07-01,2004,7,2004.541667,235.940000,240.826667
2004-08-01,2004,8,2004.625000,239.170000,240.875417
2004-08-01,2004,8,2004.625000,,240.875417
2004-09-01,2004,9,2004.708333,242.470000,240.895000
2004-09-01,2004,9,2004.708333,,240.895000
2004-10-01,2004,10,2004.791667,,240.819565
2004-10-01,2004,10,2004.791667,241.870000,240.863333
2004-11-01,2004,11,2004.875000,242.040000,240.890000
2004-11-01,2004,11,2004.875000,,240.890000
2004-12-01,2004,12,2004.958333,,240.800435
2004-12-01,2004,12,2004.958333,243.850000,240.927500
2005-01-01,2005,1,2005.041667,,240.927500
2005-01-01,2005,1,2005.041667,245.600000,240.928750
2005-02-01,2005,2,2005.125000,246.080000,241.134800
2005-02-01,2005,2,2005.125000,,240.893333
2005-03-01,2005,3,2005.208333,,240.701304
2005-03-01,2005,3,2005.208333,244.700000,240.867917
2005-04-01,2005,4,2005.291667,240.340000,240.868750
2005-04-01,2005,4,2005.291667,,240.868750
2005-05-01,2005,5,2005.375000,,240.868750
2005-05-01,2005,5,2005.375000,235.680000,240.898750
2005-06-01,2005,6,2005.458333,,241.207391
2005-06-01,2005,6,2005.458333,233.190000,240.873333
2005-07-01,2005,7,2005.541667,,241.096087
2005-07-01,2005,7,2005.541667,234.950000,240.840000
2005-08-01,2005,8,2005.625000,238.570000,240.749200
2005-08-01,2005,8,2005.625000,,240.800000
2005-09-01,2005,9,2005.708333,,240.737391
2005-09-01,2005,9,2005.708333,242.150000,240.796250
2005-10-01,2005,10,2005.791667,,240.728696
2005-10-01,2005,10,2005.791667,242.120000,240.786667
2005-11-01,2005,11,2005.875000,241.920000,240.786250
2005-11-01,2005,11,2005.875000,,240.786250
2005-12-01,2005,12,2005.958333,244.330000,240.928000
2005-12-01,2005,12,2005.958333,,240.814583
2006-01-01,2006,1,2006.041667,,240.606087
2006-01-01,2006,1,2006.041667,245.340000,240.803333
2006-02-01,2006,2,2006.125000,,240.526087
2006-02-01,2006,2,2006.125000,246.360000,240.769167
2006-03-01,2006,3,2006.208333,,240.647826
2006-03-01,2006,3,2006.208333,244.600000,240.812500
2006-04-01,2006,4,2006.291667,,240.793478
2006-04-01,2006,4,2006.291667,240.480000,240.780417
2006-05-01,2006,5,2006.375000,,240.780417
2006-05-01,2006,5,2006.375000,235.950000,240.854583
2006-06-01,2006,6,2006.458333,234.290000,240.592000
2006-06-01,2006,6,2006.458333,,240.916250
2006-07-01,2006,7,2006.541667,,240.916250
2006-07-01,2006,7,2006.541667,235.570000,240.900833
2006-08-01,2006,8,2006.625000,238.860000,240.887917
2006-08-01,2006,8,2006.625000,,240.887917
2006-09-01,2006,9,2006.708333,,240.819130
2006-09-01,2006,9,2006.708333,242.440000,240.886667
2006-10-01,2006,10,2006.791667,241.350000,240.905200
2006-10-01,2006,10,2006.791667,,240.865000
2006-11-01,2006,11,2006.875000,242.470000,240.882917
2006-11-01,2006,11,2006.875000,,240.882917
2006-12-01,2006,12,2006.958333,,240.882917
2006-12-01,2006,12,2006.958333,243.190000,240.855417
2007-01-01,2007,1,2007.041667,245.290000,241.032800
2007-01-01,2007,1,2007.041667,,240.842500
2007-02-01,2007,2,2007.125000,,240.614783
2007-02-01,2007,2,2007.125000,246.960000,240.879167
2007-03-01,2007,3,2007.208333,,240.879167
2007-03-01,2007,3,2007.208333,244.720000,240.880000
2007-04-01,2007,4,2007.291667,,240.903478
2007-04-01,2007,4,2007.291667,241.180000,240.915000
2007-05-01,2007,5,2007.375000,235.440000,240.696000
2007-05-01,2007,5,2007.375000,,240.905000
2007-06-01,2007,6,2007.458333,,240.905000
2007-06-01,2007,6,2007.458333,233.660000,240.924583
2007-07-01,2007,7,2007.541667,,240.924583
2007-07-01,2007,7,2007.541667,235.580000,240.950833
2007-08-01,2007,8,2007.625000,,241.054348
2007-08-01,2007,8,2007.625000,238.660000,240.954583
2007-09-01,2007,9,2007.708333,241.530000,240.977600
2007-09-01,2007,9,2007.708333,,240.928750
2007-10-01,2007,10,2007.791667,,240.928750
2007-10-01,2007,10,2007.791667,242.400000,240.940417
2007-11-01,2007,11,2007.875000,,240.897826
2007-11-01,2007,11,2007.875000,241.390000,240.918333
2007-12-01,2007,12,2007.958333,242.100000,240.825417
2007-12-01,2007,12,2007.958333,,240.825417
2008-01-01,2008,1,2008.041667,,240.825417
2008-01-01,2008,1,2008.041667,244.770000,240.801667
2008-02-01,2008,2,2008.125000,,240.801667
2008-02-01,2008,2,2008.125000,246.100000,240.790833
2008-03-01,2008,3,2008.208333,245.610000,240.983600
2008-03-01,2008,3,2008.208333,,240.832917
2008-04-01,2008,4,2008.291667,240.430000,240.816800
2008-04-01,2008,4,2008.291667,,240.830833
2008-05-01,2008,5,2008.375000,,240.830833
2008-05-01,2008,5,2008.375000,236.210000,240.841667
2008-06-01,2008,6,2008.458333,233.910000,240.825833
2008-06-01,2008,6,2008.458333,,240.825833
2008-07-01,2008,7,2008.541667,,240.825833
2008-07-01,2008,7,2008.541667,236.200000,240.852083
2008-08-01,2008,8,2008.625000,,240.938696
2008-08-01,2008,8,2008.625000,239.680000,240.886250
2008-09-01,2008,9,2008.708333,,240.886250
2008-09-01,2008,9,2008.708333,241.290000,240.838333
2008-10-01,2008,10,2008.791667,242.530000,240.887500
2008-10-01,2008,10,2008.791667,,240.887500
2008-11-01,2008,11,2008.875000,,240.818696
2008-11-01,2008,11,2008.875000,241.410000,240.843333
2008-12-01,2008,12,2008.958333,,240.843333
2008-12-01,2008,12,2008.958333,243.950000,240.875000
2009-01-01,2009,1,2009.041667,,240.683043
2009-01-01,2009,1,2009.041667,245.530000,240.885000
2009-02-01,2009,2,2009.125000,246.670000,241.116400
2009-02-01,2009,2,2009.125000,,240.872917
2009-03-01,2009,3,2009.208333,,240.872917
2009-03-01,2009,3,2009.208333,244.610000,240.868333
2009-04-01,2009,4,2009.291667,,240.868333
2009-04-01,2009,4,2009.291667,240.860000,240.855000
2009-05-01,2009,5,2009.375000,,241.090435
2009-05-01,2009,5,2009.375000,236.210000,240.887083
2009-06-01,2009,6,2009.458333,234.440000,240.629200
2009-06-01,2009,6,2009.458333,,240.919583
2009-07-01,2009,7,2009.541667,,240.919583
2009-07-01,2009,7,2009.541667,235.430000,240.913333
2009-08-01,2009,8,2009.625000,,240.913333
2009-08-01,2009,8,2009.625000,239.550000,240.950417
2009-09-01,2009,9,2009.708333,,240.925217
2009-09-01,2009,9,2009.708333,241.350000,240.942917
2009-10-01,2009,10,2009.791667,,240.942917
2009-10-01,2009,10,2009.791667,242.070000,240.929167
2009-11-01,2009,11,2009.875000,,240.929167
2009-11-01,2009,11,2009.875000,241.190000,240.920833
2009-12-01,2009,12,2009.958333,,240.869565
2009-12-01,2009,12,2009.958333,243.080000,240.961667
2010-01-01,2010,1,2010.041667,,240.961667
2010-01-01,2010,1,2010.041667,244.910000,240.967500
2010-02-01,2010,2,2010.125000,246.020000,241.169600
2010-02-01,2010,2,2010.125000,,240.964167
2010-03-01,2010,3,2010.208333,,240.762174
2010-03-01,2010,3,2010.208333,244.620000,240.922917
2010-04-01,2010,4,2010.291667,,240.944348
2010-04-01,2010,4,2010.291667,240.730000,240.935417
2010-05-01,2010,5,2010.375000,235.220000,240.706800
2010-05-01,2010,5,2010.375000,,240.894167
2010-06-01,2010,6,2010.458333,233.210000,240.865000
2010-06-01,2010,6,2010.458333,,240.865000
2010-07-01,2010,7,2010.541667,,240.865000
2010-07-01,2010,7,2010.541667,234.730000,240.803750
2010-08-01,2010,8,2010.625000,,240.803750
2010-08-01,2010,8,2010.625000,238.570000,240.757500
2010-09-01,2010,9,2010.708333,,240.757500
2010-09-01,2010,9,2010.708333,241.780000,240.777917
2010-10-01,2010,10,2010.791667,,240.701739
2010-10-01,2010,10,2010.791667,241.740000,240.745000
2010-11-01,2010,11,2010.875000,241.360000,240.769600
2010-11-01,2010,11,2010.875000,,240.742917
2010-12-01,2010,12,2010.958333,,240.742917
2010-12-01,2010,12,2010.958333,242.860000,240.697500
2011-01-01,2011,1,2011.041667,,240.697500
2011-01-01,2011,1,2011.041667,245.220000,240.684583
2011-02-01,2011,2,2011.125000,,240.424348
2011-02-01,2011,2,2011.125000,246.420000,240.674167
2011-03-01,2011,3,2011.208333,245.350000,240.861200
2011-03-01,2011,3,2011.208333,,240.705000
2011-04-01,2011,4,2011.291667,240.820000,240.709600
2011-04-01,2011,4,2011.291667,,240.703333
2011-05-01,2011,5,2011.375000,235.340000,240.488800
2011-05-01,2011,5,2011.375000,,240.667083
2011-06-01,2011,6,2011.458333,232.900000,240.602917
2011-06-01,2011,6,2011.458333,,240.602917
2011-07-01,2011,7,2011.541667,235.600000,240.402800
2011-07-01,2011,7,2011.541667,,240.610000
2011-08-01,2011,8,2011.625000,239.470000,240.564400
2011-08-01,2011,8,2011.625000,,240.606667
2011-09-01,2011,9,2011.708333,242.430000,240.679600
2011-09-01,2011,9,2011.708333,,240.651667
2011-10-01,2011,10,2011.791667,242.950000,240.743600
2011-10-01,2011,10,2011.791667,,240.688333
2011-11-01,2011,11,2011.875000,241.620000,240.725600
2011-11-01,2011,11,2011.875000,,240.706250
2011-12-01,2011,12,2011.958333,241.850000,240.752000
2011-12-01,2011,12,2011.958333,,240.655000
2012-01-01,2012,1,2012.041667,245.900000,240.864800
2012-01-01,2012,1,2012.041667,,240.696250
2012-02-01,2012,2,2012.125000,,240.464783
2012-02-01,2012,2,2012.125000,247.360000,240.752083
2012-03-01,2012,3,2012.208333,,240.752083
2012-03-01,2012,3,2012.208333,244.330000,240.740000
2012-04-01,2012,4,2012.291667,,240.740000
2012-04-01,2012,4,2012.291667,240.660000,240.737083
2012-05-01,2012,5,2012.375000,236.430000,240.787500
2012-05-01,2012,5,2012.375000,,240.787500
2012-06-01,2012,6,2012.458333,,241.116957
2012-06-01,2012,6,2012.458333,234.600000,240.845417
2012-07-01,2012,7,2012.541667,235.490000,240.631200
2012-07-01,2012,7,2012.541667,,240.877083
2012-08-01,2012,8,2012.625000,239.430000,240.819200
2012-08-01,2012,8,2012.625000,,240.912917
2012-09-01,2012,9,2012.708333,242.320000,240.969200
2012-09-01,2012,9,2012.708333,,240.935417
2012-10-01,2012,10,2012.791667,243.380000,241.033200
2012-10-01,2012,10,2012.791667,,241.003750
2012-11-01,2012,11,2012.875000,,240.988261
2012-11-01,2012,11,2012.875000,242.160000,241.037083
2012-12-01,2012,12,2012.958333,,241.037083
2012-12-01,2012,12,2012.958333,243.510000,241.064167
2013-01-01,2013,1,2013.041667,,241.064167
2013-01-01,2013,1,2013.041667,244.830000,241.047917
2013-02-01,2013,2,2013.125000,246.480000,241.265200
2013-02-01,2013,2,2013.125000,,241.050417
2013-03-01,2013,3,2013.208333,245.010000,241.036250
2013-03-01,2013,3,2013.208333,,241.036250
2013-04-01,2013,4,2013.291667,,241.045652
2013-04-01,2013,4,2013.291667,240.270000,241.013333
2013-05-01,2013,5,2013.375000,,241.260000
2013-05-01,2013,5,2013.375000,235.610000,241.024583
2013-06-01,2013,6,2013.458333,,241.377826
2013-06-01,2013,6,2013.458333,233.210000,241.037500
2013-07-01,2013,7,2013.541667,,241.273913
2013-07-01,2013,7,2013.541667,235.200000,241.020833
2013-08-01,2013,8,2013.625000,,241.088261
2013-08-01,2013,8,2013.625000,239.630000,241.027500
2013-09-01,2013,9,2013.708333,,240.966522
2013-09-01,2013,9,2013.708333,241.950000,241.007500
2013-10-01,2013,10,2013.791667,,240.923043
2013-10-01,2013,10,2013.791667,242.420000,240.985417
2013-11-01,2013,11,2013.875000,241.660000,240.987083
2013-11-01,2013,11,2013.875000,,240.987083
2013-12-01,2013,12,2013.958333,,240.949565
2013-12-01,2013,12,2013.958333,243.530000,241.057083
2014-01-01,2014,1,2014.041667,,240.846522
2014-01-01,2014,1,2014.041667,245.440000,241.037917
2014-02-01,2014,2,2014.125000,246.450000,241.254400
2014-02-01,2014,2,2014.125000,,241.000000
2014-03-01,2014,3,2014.208333,,241.000000
2014-03-01,2014,3,2014.208333,245.530000,241.050000
2014-04-01,2014,4,2014.291667,,241.050000
2014-04-01,2014,4,2014.291667,241.100000,241.068333
2014-05-01,2014,5,2014.375000,,241.270000
2014-05-01,2014,5,2014.375000,235.950000,241.048333
2014-06-01,2014,6,2014.458333,233.520000,240.747200
2014-06-01,2014,6,2014.458333,,241.003333
2014-07-01,2014,7,2014.541667,,241.243043
2014-07-01,2014,7,2014.541667,235.220000,240.992083
2014-08-01,2014,8,2014.625000,,241.060000
2014-08-01,2014,8,2014.625000,240.190000,241.023750
2014-09-01,2014,9,2014.708333,,240.967391
2014-09-01,2014,9,2014.708333,242.560000,241.033750
2014-10-01,2014,10,2014.791667,,240.931739
2014-10-01,2014,10,2014.791667,242.960000,241.016250
2014-11-01,2014,11,2014.875000,,241.016250
2014-11-01,2014,11,2014.875000,242.120000,241.014583
2014-12-01,2014,12,2014.958333,242.870000,241.088800
2014-12-01,2014,12,2014.958333,,240.987917
2015-01-01,2015,1,2015.041667,,240.987917
2015-01-01,2015,1,2015.041667,245.680000,241.023333
2015-02-01,2015,2,2015.125000,,240.786087
2015-02-01,2015,2,2015.125000,247.410000,241.062083
2015-03-01,2015,3,2015.208333,245.210000,241.070417
2015-03-01,2015,3,2015.208333,,241.070417
2015-04-01,2015,4,2015.291667,,241.070417
2015-04-01,2015,4,2015.291667,241.460000,241.120000
2015-05-01,2015,5,2015.375000,236.480000,240.934400
2015-05-01,2015,5,2015.375000,,241.156250
2015-06-01,2015,6,2015.458333,234.050000,240.872000
2015-06-01,2015,6,2015.458333,,241.191250
2015-07-01,2015,7,2015.541667,236.440000,241.001200
2015-07-01,2015,7,2015.541667,,241.242917
2015-08-01,2015,8,2015.625000,240.280000,241.204400
2015-08-01,2015,8,2015.625000,,241.270000
2015-09-01,2015,9,2015.708333,,241.270000
2015-09-01,2015,9,2015.708333,243.310000,241.326667
2015-10-01,2015,10,2015.791667,243.450000,241.411600
2015-10-01,2015,10,2015.791667,,241.369583
2015-11-01,2015,11,2015.875000,,241.356957
2015-11-01,2015,11,2015.875000,242.270000,241.395000
2015-12-01,2015,12,2015.958333,,241.395000
2015-12-01,2015,12,2015.958333,243.750000,241.404167
2016-01-01,2016,1,2016.041667,,241.404167
2016-01-01,2016,1,2016.041667,246.100000,241.431667
2016-02-01,2016,2,2016.125000,247.000000,241.454583
2016-02-01,2016,2,2016.125000,,241.454583
2016-03-01,2016,3,2016.208333,245.180000,241.603600
2016-03-01,2016,3,2016.208333,,241.440000
2016-04-01,2016,4,2016.291667,241.730000,241.451600
2016-04-01,2016,4,2016.291667,,241.466250
2016-05-01,2016,5,2016.375000,,241.466250
2016-05-01,2016,5,2016.375000,236.160000,241.475000
2016-06-01,2016,6,2016.458333,235.050000,241.538750
2016-06-01,2016,6,2016.458333,,241.538750
2016-07-01,2016,7,2016.541667,236.320000,241.330000
2016-07-01,2016,7,2016.541667,,241.584583
2016-08-01,2016,8,2016.625000,,241.584583
2016-08-01,2016,8,2016.625000,239.810000,241.568750
2016-09-01,2016,9,2016.708333,242.880000,241.621200
2016-09-01,2016,9,2016.708333,,241.582083
2016-10-01,2016,10,2016.791667,242.990000,241.638400
2016-10-01,2016,10,2016.791667,,241.583333
2016-11-01,2016,11,2016.875000,243.160000,241.646400
2016-11-01,2016,11,2016.875000,,241.626667
2016-12-01,2016,12,2016.958333,244.090000,241.677500
2016-12-01,2016,12,2016.958333,,241.677500
2017-01-01,2017,1,2017.041667,,241.677500
2017-01-01,2017,1,2017.041667,247.560000,241.755833
2017-02-01,2017,2,2017.125000,,241.755833
2017-02-01,2017,2,2017.125000,248.350000,241.795000
2017-03-01,2017,3,2017.208333,,241.646522
2017-03-01,2017,3,2017.208333,245.770000,241.818333
2017-04-01,2017,4,2017.291667,242.030000,241.826800
2017-04-01,2017,4,2017.291667,,241.842083
2017-05-01,2017,5,2017.375000,236.290000,241.834167
2017-05-01,2017,5,2017.375000,,241.834167
2017-06-01,2017,6,2017.458333,234.560000,241.855417
2017-06-01,2017,6,2017.458333,,241.855417
2017-07-01,2017,7,2017.541667,236.590000,241.861667
2017-07-01,2017,7,2017.541667,,241.861667
2017-08-01,2017,8,2017.625000,,241.930435
2017-08-01,2017,8,2017.625000,239.190000,241.816250
2017-09-01,2017,9,2017.708333,,241.816250
2017-09-01,2017,9,2017.708333,242.370000,241.777083
2017-10-01,2017,10,2017.791667,,241.704348
2017-10-01,2017,10,2017.791667,242.100000,241.720833
2017-11-01,2017,11,2017.875000,242.050000,241.734000
2017-11-01,2017,11,2017.875000,,241.711667
2017-12-01,2017,12,2017.958333,243.140000,241.768800
2017-12-01,2017,12,2017.958333,,241.686250
2018-01-01,2018,1,2018.041667,246.140000,241.864400
2018-01-01,2018,1,2018.041667,,241.687917
2018-02-01,2018,2,2018.125000,,241.456957
2018-02-01,2018,2,2018.125000,246.250000,241.656667
2018-03-01,2018,3,2018.208333,,241.503478
2018-03-01,2018,3,2018.208333,245.110000,241.653750
2018-04-01,2018,4,2018.291667,,241.650435
2018-04-01,2018,4,2018.291667,242.230000,241.674583
2018-05-01,2018,5,2018.375000,,241.674583
2018-05-01,2018,5,2018.375000,236.520000,241.689583
2018-06-01,2018,6,2018.458333,,241.978261
2018-06-01,2018,6,2018.458333,233.830000,241.638750
2018-07-01,2018,7,2018.541667,235.860000,241.619583
2018-07-01,2018,7,2018.541667,,241.619583
2018-08-01,2018,8,2018.625000,239.180000,241.522000
2018-08-01,2018,8,2018.625000,,241.593333
2018-09-01,2018,9,2018.708333,,241.537391
2018-09-01,2018,9,2018.708333,243.240000,241.608333
2018-10-01,2018,10,2018.791667,243.270000,241.620000
2018-10-01,2018,10,2018.791667,,241.620000
2018-11-01,2018,11,2018.875000,,241.553043
2018-11-01,2018,11,2018.875000,242.910000,241.609583
2018-12-01,2018,12,2018.958333,,241.501739
2018-12-01,2018,12,2018.958333,244.580000,241.630000
2019-01-01,2019,1,2019.041667,,241.630000
2019-01-01,2019,1,2019.041667,246.200000,241.573333
2019-02-01,2019,2,2019.125000,247.830000,241.823600
2019-02-01,2019,2,2019.125000,,241.551667
2019-03-01,2019,3,2019.208333,,241.551667
2019-03-01,2019,3,2019.208333,246.290000,241.573333
2019-04-01,2019,4,2019.291667,241.700000,241.559583
2019-04-01,2019,4,2019.291667,,241.559583
2019-05-01,2019,5,2019.375000,236.920000,241.585833
2019-05-01,2019,5,2019.375000,,241.585833
2019-06-01,2019,6,2019.458333,,241.891304
2019-06-01,2019,6,2019.458333,234.400000,241.579167
2019-07-01,2019,7,2019.541667,,241.796087
2019-07-01,2019,7,2019.541667,236.620000,241.580417
2019-08-01,2019,8,2019.625000,239.940000,241.514800
2019-08-01,2019,8,2019.625000,,241.611667
2019-09-01,2019,9,2019.708333,,241.611667
2019-09-01,2019,9,2019.708333,243.580000,241.662083
2019-10-01,2019,10,2019.791667,244.160000,241.762000
2019-10-01,2019,10,2019.791667,,241.747917
2019-11-01,2019,11,2019.875000,243.110000,241.792083
2019-11-01,2019,11,2019.875000,,241.792083
2019-12-01,2019,12,2019.958333,244.680000,241.856250
2019-12-01,2019,12,2019.958333,,241.856250
2020-01-01,2020,1,2020.041667,245.850000,241.844167
2020-01-01,2020,1,2020.041667,,241.844167
2020-02-01,2020,2,2020.125000,247.430000,242.067600
2020-02-01,2020,2,2020.125000,,241.893333
2020-03-01,2020,3,2020.208333,246.040000,242.059200
2020-03-01,2020,3,2020.208333,,241.932083
2020-04-01,2020,4,2020.291667,,241.932083
2020-04-01,2020,4,2020.291667,242.170000,241.929583
2020-05-01,2020,5,2020.375000,,241.929583
2020-05-01,2020,5,2020.375000,237.120000,241.954583
2020-06-01,2020,6,2020.458333,234.860000,241.670800
2020-06-01,2020,6,2020.458333,,241.997500
2020-07-01,2020,7,2020.541667,,242.264348
2020-07-01,2020,7,2020.541667,236.030000,242.004583
2020-08-01,2020,8,2020.625000,240.660000,242.066250
2020-08-01,2020,8,2020.625000,,242.066250
2020-09-01,2020,9,2020.708333,242.790000,242.095200
2020-09-01,2020,9,2020.708333,,242.047500
2020-10-01,2020,10,2020.791667,242.180000,242.002083
2020-10-01,2020,10,2020.791667,,242.002083
2020-11-01,2020,11,2020.875000,242.430000,242.019200
2020-11-01,2020,11,2020.875000,,241.982083
2020-12-01,2020,12,2020.958333,243.130000,242.028000
2020-12-01,2020,12,2020.958333,,241.921667
2021-01-01,2021,1,2021.041667,,241.921667
2021-01-01,2021,1,2021.041667,245.690000,241.900417
2021-02-01,2021,2,2021.125000,247.520000,241.887500
2021-02-01,2021,2,2021.125000,,241.887500
2021-03-01,2021,3,2021.208333,,241.887500
2021-03-01,2021,3,2021.208333,246.100000,241.879583
2021-04-01,2021,4,2021.291667,,241.887391
2021-04-01,2021,4,2021.291667,241.620000,241.876250
2021-05-01,2021,5,2021.375000,,242.091739
2021-05-01,2021,5,2021.375000,236.210000,241.846667
2021-06-01,2021,6,2021.458333,235.260000,241.583200
2021-06-01,2021,6,2021.458333,,241.882500
2021-07-01,2021,7,2021.541667,236.090000,241.650800
2021-07-01,2021,7,2021.541667,,241.860417
2021-08-01,2021,8,2021.625000,240.480000,241.882917
2021-08-01,2021,8,2021.625000,,241.882917
2021-09-01,2021,9,2021.708333,,241.882917
2021-09-01,2021,9,2021.708333,243.020000,241.859583
2021-10-01,2021,10,2021.791667,,241.759565
2021-10-01,2021,10,2021.791667,243.520000,241.832917
2021-11-01,2021,11,2021.875000,243.270000,241.839583
2021-11-01,2021,11,2021.875000,,241.839583
2021-12-01,2021,12,2021.958333,,241.716087
2021-12-01,2021,12,2021.958333,243.660000,241.797083
2022-01-01,2022,1,2022.041667,246.650000,241.830417
2022-01-01,2022,1,2022.041667,,241.830417
2022-02-01,2022,2,2022.125000,248.220000,241.863333
2022-02-01,2022,2,2022.125000,,241.863333
2022-03-01,2022,3,2022.208333,245.950000,241.859583
2022-03-01,2022,3,2022.208333,,241.859583
2022-04-01,2022,4,2022.291667,241.870000,241.860000
2022-04-01,2022,4,2022.291667,,241.847083
2022-05-01,2022,5,2022.375000,,241.847083
2022-05-01,2022,5,2022.375000,236.220000,241.809583
2022-06-01,2022,6,2022.458333,,242.111739
2022-06-01,2022,6,2022.458333,235.720000,241.845417
2022-07-01,2022,7,2022.541667,236.140000,241.617200
2022-07-01,2022,7,2022.541667,,241.850000
2022-08-01,2022,8,2022.625000,,241.901739
2022-08-01,2022,8,2022.625000,240.100000,241.826667
2022-09-01,2022,9,2022.708333,243.210000,241.844167
2022-09-01,2022,9,2022.708333,,241.844167
2022-10-01,2022,10,2022.791667,243.410000,241.895417
2022-10-01,2022,10,2022.791667,,241.895417
2022-11-01,2022,11,2022.875000,243.130000,241.924583
2022-11-01,2022,11,2022.875000,,241.924583
2022-12-01,2022,12,2022.958333,,241.872174
2022-12-01,2022,12,2022.958333,244.990000,242.002083
2023-01-01,2023,1,2023.041667,,242.002083
2023-01-01,2023,1,2023.041667,247.730000,242.087083
2023-02-01,2023,2,2023.125000,,241.850870
2023-02-01,2023,2,2023.125000,248.420000,242.124583
2023-03-01,2023,3,2023.208333,247.140000,242.325200
2023-03-01,2023,3,2023.208333,,242.167917
2023-04-01,2023,4,2023.291667,242.720000,242.190000
2023-04-01,2023,4,2023.291667,,242.213750
2023-05-01,2023,5,2023.375000,,242.213750
2023-05-01,2023,5,2023.375000,236.770000,242.237083
2023-06-01,2023,6,2023.458333,235.960000,242.266250
2023-06-01,2023,6,2023.458333,,242.266250
2023-07-01,2023,7,2023.541667,237.610000,242.329583
2023-07-01,2023,7,2023.541667,,242.329583
2023-08-01,2023,8,2023.625000,241.950000,242.390833
2023-08-01,2023,8,2023.625000,,242.390833
2023-09-01,2023,9,2023.708333,,242.390833
2023-09-01,2023,9,2023.708333,244.740000,242.462500
2023-10-01,2023,10,2023.791667,244.760000,242.554400
2023-10-01,2023,10,2023.791667,,242.514167
2023-11-01,2023,11,2023.875000,,242.481304
2023-11-01,2023,11,2023.875000,243.780000,242.535417
2023-12-01,2023,12,2023.958333,,242.535417
2023-12-01,2023,12,2023.958333,245.030000,242.592500
2024-01-01,2024,1,2024.041667,,242.416087
2024-01-01,2024,1,2024.041667,246.820000,242.599583
2024-02-01,2024,2,2024.125000,247.930000,242.587500
2024-02-01,2024,2,2024.125000,,242.587500
2024-03-01,2024,3,2024.208333,245.930000,242.586667
2024-03-01,2024,3,2024.208333,,242.586667
2024-04-01,2024,4,2024.291667,242.150000,242.598333
2024-04-01,2024,4,2024.291667,,242.598333
2024-05-01,2024,5,2024.375000,,242.598333
2024-05-01,2024,5,2024.375000,236.520000,242.610833
2024-06-01,2024,6,2024.458333,235.260000,242.316800
2024-06-01,2024,6,2024.458333,,242.591667
2024-07-01,2024,7,2024.541667,,242.872174
2024-07-01,2024,7,2024.541667,236.530000,242.607917
2024-08-01,2024,8,2024.625000,241.060000,242.546000
2024-08-01,2024,8,2024.625000,,242.647917
2024-09-01,2024,9,2024.708333,,242.623478
2024-09-01,2024,9,2024.708333,244.190000,242.688750
2024-10-01,2024,10,2024.791667,243.970000,242.712083
2024-10-01,2024,10,2024.791667,,242.712083
2024-11-01,2024,11,2024.875000,,242.693913
2024-11-01,2024,11,2024.875000,243.840000,242.741667
2024-12-01,2024,12,2024.958333,,242.741667
2024-12-01,2024,12,2024.958333,244.770000,242.732500
2025-01-01,2025,1,2025.041667,,242.732500
2025-01-01,2025,1,2025.041667,248.470000,242.763333
2025-02-01,2025,2,2025.125000,248.660000,242.999200
2025-02-01,2025,2,2025.125000,,242.773333
2025-03-01,2025,3,2025.208333,,242.583478
2025-03-01,2025,3,2025.208333,247.360000,242.782500
2025-04-01,2025,4,2025.291667,,242.785217
2025-04-01,2025,4,2025.291667,242.190000,242.760417
2025-05-01,2025,5,2025.375000,,242.760417
2025-05-01,2025,5,2025.375000,236.540000,242.750833
2025-06-01,2025,6,2025.458333,235.280000,242.722500
2025-06-01,2025,6,2025.458333,,242.722500
2025-07-01,2025,7,2025.541667,,242.944783
2025-07-01,2025,7,2025.541667,237.020000,242.697917
2025-08-01,2025,8,2025.625000,,242.730435
2025-08-01,2025,8,2025.625000,241.100000,242.662500
2025-09-01,2025,9,2025.708333,,242.662500
2025-09-01,2025,9,2025.708333,244.250000,242.642083
2025-10-01,2025,10,2025.791667,,242.550000
2025-10-01,2025,10,2025.791667,243.900000,242.606250
2025-11-01,2025,11,2025.875000,,242.606250
2025-11-01,2025,11,2025.875000,244.040000,242.617083
2025-12-01,2025,12,2025.958333,,242.617083
2025-12-01,2025,12,2025.958333,245.250000,242.626250
2026-01-01,2026,1,2026.041667,,242.626250
2026-01-01,2026,1,2026.041667,248.040000,242.677083
2026-02-01,2026,2,2026.125000,249.400000,242.738333
2026-02-01,2026,2,2026.125000,,242.738333
2026-03-01,2026,3,2026.208333,,242.599565
2026-03-01,2026,3,2026.208333,246.800000,242.774583
2026-04-01,2026,4,2026.291667,,242.801739
2026-04-01,2026,4,2026.291667,242.710000,242.797917
2026-05-01,2026,5,2026.375000,,242.797917
2026-05-01,2026,5,2026.375000,236.450000,242.795000
2026-06-01,2026,6,2026.458333,,243.122609
2026-06-01,2026,6,2026.458333,235.440000,242.802500
2026-07-01,2026,7,2026.541667,237.800000,242.602400
2026-07-01,2026,7,2026.541667,,242.855417
